assigned_zone_index,base_stress,camera_id,camera_name,contains_failed,distance_in_geographic,edge_cost,edge_length,edge_stress,edge_u,edge_v,latitude,longitude,nearest_zone_fallback,nearest_zone_fallback_used,neighbor_count,neighbor_stress,node_id,nonzero_bool,num_vertices,second_order_stress,section,stress_penalty,stress_score,total_weighted_stress,zone_area_m2,zone_index
,,3a3d7bc0-7f35-46ba-9cca-75fe83aac34d,5 Ave @ 34 St,,,,,,,,40.7484435553342,-73.9845677012874,,,,,,False,,,camera,,0.0,,,
,,20b2298a-90cf-463f-b172-0b398a34f061,Park Ave @ 37 St,,,,,,,,40.74906,-73.979818,,,,,,False,,,camera,,0.0,,,
,,1e60ade7-c760-48cf-acd9-d9d6cbfa9420,7 Ave @ 32 St,,,,,,,,,,,,,,,False,,,camera,,0.0,,,
,,f06979b2-3497-4330-9882-a06c8a442b7c,6 Ave @ 34 St,,,,,,,,40.7498083287543,-73.9877461877174,,,,,,False,,,camera,,0.0,,,
,,ee1b1d85-e8ce-485f-a539-12962933eb9f,7 Ave @ 34 St,,,,,,,,40.7510195668227,-73.9906285955498,,,,,,False,,,camera,,0.0,,,
,,1546f761-039c-4b5c-af5e-75c83c9f603f,Lexington Ave @ 42 St,,,,,,,,40.7514494972593,-73.976060779701,,,,,,False,,,camera,,0.0,,,
,,b0cbb042-de0a-449f-b5d1-49f68a9bf2ae,7 Ave @ 36 St,,,,,,,,40.752128,-73.989657,,,,,,False,,,camera,,0.0,,,
,,f2964d50-042c-4021-8b52-992c08c6ff6f,8 Ave @ 34 St,,,,,,,,40.7521973661027,-73.9934562042021,,,,,,False,,,camera,,0.0,,,
,,d1363c77-e061-4414-be82-e6d749254859,Madison Ave @ 42 St,,,,,,,,40.7528121596316,-73.9792838595713,,,,,,False,,,camera,,0.0,,,
,,defa5e30-d6c7-4582-9ceb-03ff0fe7b93a,9 Ave @ 34 St,,,,,,,,40.7534082474864,-73.9963142012874,,,,,,False,,,camera,,0.0,,,
,,c6d013c9-e69b-4824-8dad-b6580491d916,Madison Ave @ E 43 St,,,,,,,,40.753417,-73.97874,,,,,,False,,,camera,,0.0,,,
,,f4e822f7-d2a2-4146-851c-04b2fa6d5265,5 Ave @ 42 St,,,,,,,,40.7534920464028,-73.9808970054167,,,,,,False,,,camera,,0.0,,,
,,f96c7b05-c0a1-4d3c-93ae-b025bdea422a,Dyer Ave @ W 34 St,,,,,,,,,,,,,,,False,,,camera,,0.0,,,
,,879ab924-18ac-4779-a681-395d73a0f0cc,Madison Ave @ E 44 St,,,,,,,,40.754038,-73.97827,,,,,,False,,,camera,,0.0,,,
,,5d055599-875a-4010-991f-e7e454889052,7 Ave @ 40 St,,,,,,,,40.754222,-73.988355,,,,,,False,,,camera,,0.0,,,
,,e8a479f8-5170-4f1f-b258-b9745c966c71,Vanderbilt Ave @ E 45 St,,,,,,,,40.754297,-73.976936,,,,,,False,,,camera,,0.0,,,
,,c34ca47e-e375-4b9f-a8d7-f9737566b783,6 Ave @ 42 St,,,,,,,,40.7548488195947,-73.9841249380499,,,,,,False,,,camera,,0.0,,,
,,326b2bab-d277-4c5a-9778-a7af791ad151,9 Ave @ 37 St,,,,,,,,40.7552720843545,-73.9948547204017,,,,,,False,,,camera,,0.0,,,
,,434094f8-1be4-4c19-8067-1e11049e46b4,Madison Ave @ 46 St - Manhattan,,,,,,,,40.755508,-73.977437,,,,,,False,,,camera,,0.0,,,
,,2589c0d6-c389-4861-b812-4ae68f560eba,46 St Bet. 5 Ave & Madison Ave,,,,,,,,40.7557483,-73.9784187,,,,,,False,,,camera,,0.0,,,
,,9565e94d-66f2-4965-9c13-82d5500d6cfd,Broadway @ 42 St,,,,,,,,40.7558094297322,-73.9864124090652,,,,,,False,,,camera,,0.0,,,
,,d1d8cd99-7609-409a-a739-f5913dabf4e6,Lexington Ave @ 49 St,,,,,,,,40.7558782935853,-73.972833819289,,,,,,False,,,camera,,0.0,,,
,,8933100a-8229-42fe-b4b2-265db410d7ae,5 Ave @ 46 St,,,,,,,,40.756036,-73.979014,,,,,,False,,,camera,,0.0,,,
,,bca4a4b0-d73f-4937-9301-85ff8293bd94,7 AVE @ 42 St,,,,,,,,40.75609,-73.9869,,,,,,False,,,camera,,0.0,,,
,,9561ad5f-0eda-460b-ab12-41caa4e0a91e,47 St Bet. 5 Ave @ Madison Ave- Manhattan,,,,,,,,40.75632,-73.9777487,,,,,,False,,,camera,,0.0,,,
,,9e694610-60f1-4939-a1f9-1679e6408f27,9 Ave @ W 39 St,,,,,,,,40.7565,-73.994,,,,,,False,,,camera,,0.0,,,
,,d8122408-7092-41ba-a9db-ef8847edeaef,Broadway @ 43 St,,,,,,,,40.756583,-73.986156,,,,,,False,,,camera,,0.0,,,
,,45cb119b-0e4a-442e-9410-b810ab8c255d,7 Ave @ 43 St,,,,,,,,40.756691,-73.986476,,,,,,False,,,camera,,0.0,,,
,,03a8a2da-3ac2-45aa-a5ba-4ff7d1ecbd22,5 Ave @ 47 St,,,,,,,,40.756725,-73.97883,,,,,,False,,,camera,,0.0,,,
,,1eb66413-6761-4eb0-bc04-e2533bb74b42,Madison Ave @ 49 St,,,,,,,,40.7572361824409,-73.9760573417802,,,,,,False,,,camera,,0.0,,,
,,83bf2591-579d-415b-a0d4-fe39868b46d1,8 Ave @ 42 St,,,,,,,,40.7572405048358,-73.9897804546602,,,,,,False,,,camera,,0.0,,,
,,19789499-03ac-45de-9401-a7a71ea60d1e,7 AVE @ 44 St,,,,,,,,40.75736,-73.986,,,,,,False,,,camera,,0.0,,,
,,bb362cd8-057b-4538-bdee-cf846a725ea0,Dyer Ave @ W 40 St,,,,,,,,,,,,,,,False,,,camera,,0.0,,,
,,62ecb539-5e6c-40ff-a771-ea77153cc4ed,Rockefeller Plz @ 48 St (between 5 Ave and 6 Ave),,,,,,,,40.757839,-73.979362,,,,,,False,,,camera,,0.0,,,
,,7a7016c5-a086-40fd-9298-90f17f8b6cea,5 Ave @ 49 St,,,,,,,,40.7579183170509,-73.9776717716469,,,,,,False,,,camera,,0.0,,,
,,053e8995-f8cb-4d02-a659-70ac7c7da5db,Broadway @ 45 St,,,,,,,,40.757953,-73.98549,,,,,,False,,,camera,,0.0,,,
,,c0f05969-abc6-4fa6-b317-3e6ba03e989a,Dyer Ave @ W 41 St,,,,,,,,,,,,,,,False,,,camera,,0.0,,,
,,ccd1abb9-0683-4d93-a62f-b2b121612d28,9 Ave @ 42 St,,,,,,,,40.7584430039686,-73.9926394975013,,,,,,False,,,camera,,0.0,,,
,,5c505897-b475-4359-897d-b064bdb9feef,8 AVE @ 44 St,,,,,,,,40.75851,-73.9888,,,,,,False,,,camera,,0.0,,,
,,e777e4b4-25cb-4c39-98fc-8d6b25cf7de7,Lexington Ave @ 53 St ,,,,,,,,40.758559,-73.971296,,,,,,False,,,camera,,0.0,,,
,,482e6d35-2a67-4bbf-b36f-fdf7e031d607,5 AVE @ 50 St,,,,,,,,40.75856,-73.9772,,,,,,False,,,camera,,0.0,,,
,,1927b469-e2dc-4943-a70c-e6e52fd4c48c,Broadway @ 46 St- Quad South,,,,,,,,40.758692,-73.985371,,,,,,False,,,camera,,0.0,,,
,,dbbf45f6-7d87-46fa-825f-454a7e2bbcad,Broadway @ 46 St- Quad East,,,,,,,,40.7587,-73.985348,,,,,,False,,,camera,,0.0,,,
,,76faba94-f9e5-42d7-981e-0cbbbfd4bc21,Broadway @ 46 Street,,,,,,,,40.758711,-73.985366,,,,,,False,,,camera,,0.0,,,
,,8cd15417-5b79-4065-9165-4b6ff0ff3f53,Broadway @ 46 St- Quad West,,,,,,,,40.75872,-73.98539,,,,,,False,,,camera,,0.0,,,
,,f3d82b25-6b10-44c7-ae89-30df075a7ac8,Broadway @ 46 St- Quad North,,,,,,,,40.758722,-73.98536,,,,,,False,,,camera,,0.0,,,
,,0c9a2836-c408-48d3-85c7-1977c33d9133,Broadway @ 46 St,,,,,,,,40.758744,-73.9855,,,,,,False,,,camera,,0.0,,,
,,82b5a027-8b2d-43ce-ba8e-329382bd61bf,Galvin Ave @ W 40 St,,,,,,,,,,,,,,,False,,,camera,,0.0,,,
,,b331d9d1-c081-4476-8302-83445ac196e7,Dyer Ave @ 42 Street,,,,,,,,,,,,,,,False,,,camera,,0.0,,,
,,9e3e26ae-d49f-4f64-ba99-113b779c25a2,Park Ave @ 53 St,,,,,,,,40.759067,-73.97261,,,,,,False,,,camera,,0.0,,,
,,1dddf912-4718-4b2a-94dd-1f793a9ed22c,6 Ave @ 49 St,,,,,,,,40.759281077223,-73.9808977882913,,,,,,False,,,camera,,0.0,,,
,,4f3f56e3-f68e-4b60-a4ba-153ecb9094f7,6 AVE @ 50 St,,,,,,,,40.75994,-73.9805,,,,,,False,,,camera,,0.0,,,
,,fc7db899-7a79-41f3-b9b1-b23ce64c5a5e,7 Ave @ 49 St,,,,,,,,40.7604823513464,-73.983738054794,,,,,,False,,,camera,,0.0,,,
,,f4d2c0f5-0148-45e7-95ba-a5185d8e8060,Park Ave @ 57 St,,,,,,,,40.761615778381,-73.9707524905279,,,,,,False,,,camera,,0.0,,,
,,4850e464-1111-4b5d-a72d-f54a0e12a789,8 Ave @ 49 St,,,,,,,,40.761676,-73.986581,,,,,,False,,,camera,,0.0,,,
,,0a49d947-2a5b-498d-a386-2cef5ce883fa,50 St BtwnÂ 8 Ave & Broadway,,,,,,,,40.761861,-73.985123,,,,,,False,,,camera,,0.0,,,
,,3d8e276f-b179-414d-a506-679d5e559d3e,Broadway @ 51 St,,,,,,,,40.762077539856,-73.9836422756604,,,,,,False,,,camera,,0.0,,,
,,421960d6-54a8-4f12-a5ee-7a07390def4c,MADISON @ 57 ST,,,,,,,,40.7622962700164,-73.9723570534941,,,,,,False,,,camera,,0.0,,,
,,404fac12-9b5c-430b-a01b-12b50d39521c,9 Ave @ 49 St,,,,,,,,40.7628734544829,-73.9894306186342,,,,,,False,,,camera,,0.0,,,
,,9c4c2657-6796-4953-bbe6-c50f24bb5820,5 Ave @ 57 St,,,,,,,,40.7629820055328,-73.9739858644822,,,,,,False,,,camera,,0.0,,,
,,4ebe49c8-3e68-43f7-b415-da3db9f72693,7 Ave @ 54 St,,,,,,,,40.763617,-73.981436,,,,,,False,,,camera,,0.0,,,
,,b5a78bda-3ca9-4ad4-bd03-4cee70baba2d,5 Ave @ 59 St,,,,,,,,40.764289,-73.973023,,,,,,False,,,camera,,0.0,,,
,,e229e0fd-559b-4c1e-bcba-ac23db1d01e3,6 Ave @ 57 St,,,,,,,,40.7643348872061,-73.9772018595711,,,,,,False,,,camera,,0.0,,,
,,a4c12003-9638-473d-bfe3-dddf509c80b8,6 Ave @ 58 St,,,,,,,,40.765024,-73.976689,,,,,,False,,,camera,,0.0,,,
,,f0b924fe-0df6-4ac2-85a2-5d2b96d081d5,7 Ave @ 57 St,,,,,,,,40.765534775125,-73.9800400250842,,,,,,False,,,camera,,0.0,,,
,,332f161d-47cb-4c8a-b6b6-5ad48a55c978,Ave of Americas @ Central Park South,,,,,,,,40.765767,-73.976123,,,,,,False,,,camera,,0.0,,,
,,d78ebdc6-2211-479e-bda6-59d79db20258,8 Ave @ 57 St,,,,,,,,40.766796,-73.9829,,,,,,False,,,camera,,0.0,,,
,,85809312-60f2-4a52-a694-82628529c05a,Central Park S @ Columbus Cr,,,,,,,,40.7677366852749,-73.9814615249633,,,,,,False,,,camera,,0.0,,,
,,78a5c61d-9dce-4b52-b0da-bf7d22c1f501,8 Ave @ Columbus Cr South,,,,,,,,40.767775,-73.982089,,,,,,False,,,camera,,0.0,,,
,,37e2a4b6-2fbd-42f5-9d2d-130b664783f2,9 Ave @ 57 St,,,,,,,,40.7679306900999,-73.9857235137761,,,,,,False,,,camera,,0.0,,,
,,5caa3ace-277b-42db-97bd-585f29b0d49f,Central Park West @ W 61 St,,,,,,,,40.769303,-73.980882,,,,,,False,,,camera,,0.0,,,
,,ec9eda79-e250-4e6f-a8f6-e51021fb054f,Amsterdam Ave @ 60 St,,,,,,,,,,,,,,,False,,,camera,,0.0,,,
,,4f8c2e84-c15a-4474-91fb-7e14554d4c4e,Central Park West @ 65 St,,,,,,,,40.771797,-73.979217,,,,,,False,,,camera,,0.0,,,
,,04e09ed5-2d97-4e29-8438-b87748850dbb,Columbus Ave @ 65 St,,,,,,,,40.7721568767076,-73.9817190170288,,,,,,False,,,camera,,0.0,,,
,,7e2400e3-cad2-407a-927b-d575a35048e3,Central Park West @ 66 St,,,,,,,,40.772441,-73.978751,,,,,,False,,,camera,,0.0,,,
,,3a3d7bc0-7f35-46ba-9cca-75fe83aac34d,,,False,,,,,,,,,True,3,,,,263,,zone,,,,165900.46406490018,0
,,20b2298a-90cf-463f-b172-0b398a34f061,,,False,,,,,,,,,True,4,,,,218,,zone,,,,222362.71118445703,1
,,1e60ade7-c760-48cf-acd9-d9d6cbfa9420,,,False,,,,,,,,,True,1,,,,259,,zone,,,,121903.81145806726,2
,,f06979b2-3497-4330-9882-a06c8a442b7c,,,False,,,,,,,,,False,7,,,,79,,zone,,,,74364.55913658069,3
,,ee1b1d85-e8ce-485f-a539-12962933eb9f,,,False,,,,,,,,,True,3,,,,21,,zone,,,,17814.139073718743,4
,,1546f761-039c-4b5c-af5e-75c83c9f603f,,,False,,,,,,,,,True,4,,,,493,,zone,,,,207282.5100208815,5
,,b0cbb042-de0a-449f-b5d1-49f68a9bf2ae,,,False,,,,,,,,,False,4,,,,28,,zone,,,,45484.14495858427,6
,,f2964d50-042c-4021-8b52-992c08c6ff6f,,,False,,,,,,,,,True,5,,,,51,,zone,,,,47667.383519559866,7
,,d1363c77-e061-4414-be82-e6d749254859,,,False,,,,,,,,,False,4,,,,37,,zone,,,,35756.92825809455,8
,,defa5e30-d6c7-4582-9ceb-03ff0fe7b93a,,,False,,,,,,,,,True,3,,,,85,,zone,,,,53028.30485628747,9
,,c6d013c9-e69b-4824-8dad-b6580491d916,,,False,,,,,,,,,False,4,,,,20,,zone,,,,12310.640824660552,10
,,f4e822f7-d2a2-4146-851c-04b2fa6d5265,,,False,,,,,,,,,False,8,,,,51,,zone,,,,53947.09384575079,11
,,f96c7b05-c0a1-4d3c-93ae-b025bdea422a,,,False,,,,,,,,,True,2,,,,80,,zone,,,,54854.03609326667,12
,,879ab924-18ac-4779-a681-395d73a0f0cc,,,False,,,,,,,,,False,6,,,,23,,zone,,,,13475.527518341118,13
,,5d055599-875a-4010-991f-e7e454889052,,,False,,,,,,,,,False,9,,,,43,,zone,,,,64034.21094618178,14
,,e8a479f8-5170-4f1f-b258-b9745c966c71,,,False,,,,,,,,,False,4,,,,63,,zone,,,,37191.216066188965,15
,,c34ca47e-e375-4b9f-a8d7-f9737566b783,,,False,,,,,,,,,False,7,,,,63,,zone,,,,66954.49188246811,16
,,326b2bab-d277-4c5a-9778-a7af791ad151,,,False,,,,,,,,,True,6,,,,25,,zone,,,,47134.696545081526,17
,,434094f8-1be4-4c19-8067-1e11049e46b4,,,False,,,,,,,,,False,6,,,,31,,zone,,,,15347.919634045305,18
,,2589c0d6-c389-4861-b812-4ae68f560eba,,,False,,,,,,,,,False,3,,,,6,,zone,,,,3186.67486476478,19
,,9565e94d-66f2-4965-9c13-82d5500d6cfd,,,False,,,,,,,,,False,4,,,,25,,zone,,,,14788.126835013647,20
,,d1d8cd99-7609-409a-a739-f5913dabf4e6,,,False,,,,,,,,,False,5,,,,326,,zone,,,,203567.16576558584,21
,,8933100a-8229-42fe-b4b2-265db410d7ae,,,False,,,,,,,,,False,5,,,,27,,zone,,,,23966.77094838428,22
,,bca4a4b0-d73f-4937-9301-85ff8293bd94,,,False,,,,,,,,,False,5,,,,19,,zone,,,,14773.277847838017,23
,,9561ad5f-0eda-460b-ab12-41caa4e0a91e,,,False,,,,,,,,,False,4,,,,12,,zone,,,,8711.246045444406,24
,,9e694610-60f1-4939-a1f9-1679e6408f27,,,False,,,,,,,,,False,5,,,,26,,zone,,,,32613.526919416247,25
,,d8122408-7092-41ba-a9db-ef8847edeaef,,,False,,,,,,,,,False,5,,,,14,,zone,,,,7470.948692114341,26
,,45cb119b-0e4a-442e-9410-b810ab8c255d,,,False,,,,,,,,,False,5,,,,10,,zone,,,,7449.955037019825,27
,,03a8a2da-3ac2-45aa-a5ba-4ff7d1ecbd22,,,False,,,,,,,,,False,4,,,,17,,zone,,,,8534.913907502147,28
,,1eb66413-6761-4eb0-bc04-e2533bb74b42,,,False,,,,,,,,,False,6,,,,31,,zone,,,,35158.95510299614,29
,,83bf2591-579d-415b-a0d4-fe39868b46d1,,,False,,,,,,,,,False,6,,,,38,,zone,,,,41074.96558204579,30
,,19789499-03ac-45de-9401-a7a71ea60d1e,,,False,,,,,,,,,False,4,,,,14,,zone,,,,11779.483292434355,31
,,bb362cd8-057b-4538-bdee-cf846a725ea0,,,False,,,,,,,,,True,4,,,,37,,zone,,,,22404.398256606666,32
,,62ecb539-5e6c-40ff-a771-ea77153cc4ed,,,False,,,,,,,,,False,3,,,,6,,zone,,,,7219.811529664249,33
,,7a7016c5-a086-40fd-9298-90f17f8b6cea,,,False,,,,,,,,,True,5,,,,17,,zone,,,,10625.395516920998,34
,,053e8995-f8cb-4d02-a659-70ac7c7da5db,,,False,,,,,,,,,False,5,,,,20,,zone,,,,20804.52835151866,35
,,c0f05969-abc6-4fa6-b317-3e6ba03e989a,,,False,,,,,,,,,True,2,,,,19,,zone,,,,10135.843386730126,36
,,ccd1abb9-0683-4d93-a62f-b2b121612d28,,,False,,,,,,,,,False,6,,,,57,,zone,,,,39979.46695406087,37
,,5c505897-b475-4359-897d-b064bdb9feef,,,False,,,,,,,,,False,7,,,,33,,zone,,,,46365.03433739144,38
,,e777e4b4-25cb-4c39-98fc-8d6b25cf7de7,,,False,,,,,,,,,False,3,,,,200,,zone,,,,147840.16242905767,39
,,482e6d35-2a67-4bbf-b36f-fdf7e031d607,,,False,,,,,,,,,False,5,,,,43,,zone,,,,47225.4949813553,40
,,1927b469-e2dc-4943-a70c-e6e52fd4c48c,,,False,,,,,,,,,False,5,,,,7,,zone,,,,1168.8476687285658,41
,,dbbf45f6-7d87-46fa-825f-454a7e2bbcad,,,False,,,,,,,,,False,5,,,,13,,zone,,,,9490.766777993744,42
,,76faba94-f9e5-42d7-981e-0cbbbfd4bc21,,,False,,,,,,,,,False,4,,,,5,,zone,,,,3.7865219524245894,43
,,8cd15417-5b79-4065-9165-4b6ff0ff3f53,,,False,,,,,,,,,False,4,,,,5,,zone,,,,73.97505665313928,44
,,f3d82b25-6b10-44c7-ae89-30df075a7ac8,,,False,,,,,,,,,False,5,,,,12,,zone,,,,7586.7393794326545,45
,,0c9a2836-c408-48d3-85c7-1977c33d9133,,,False,,,,,,,,,False,6,,,,14,,zone,,,,12394.438179070876,46
,,82b5a027-8b2d-43ce-ba8e-329382bd61bf,,,False,,,,,,,,,True,1,,,,46,,zone,,,,22167.41340687695,47
,,b331d9d1-c081-4476-8302-83445ac196e7,,,False,,,,,,,,,True,1,,,,9,,zone,,,,15210.888607552288,48
,,9e3e26ae-d49f-4f64-ba99-113b779c25a2,,,False,,,,,,,,,False,7,,,,50,,zone,,,,52999.78694238421,49
,,1dddf912-4718-4b2a-94dd-1f793a9ed22c,,,False,,,,,,,,,False,5,,,,32,,zone,,,,31355.034999483603,50
,,4f3f56e3-f68e-4b60-a4ba-153ecb9094f7,,,False,,,,,,,,,False,6,,,,41,,zone,,,,48454.258079583306,51
,,fc7db899-7a79-41f3-b9b1-b23ce64c5a5e,,,False,,,,,,,,,False,7,,,,32,,zone,,,,33413.668548979884,52
,,f4d2c0f5-0148-45e7-95ba-a5185d8e8060,,,False,,,,,,,,,True,4,,,,439,,zone,,,,356233.48352484853,53
,,4850e464-1111-4b5d-a72d-f54a0e12a789,,,False,,,,,,,,,False,5,,,,35,,zone,,,,38296.87761367906,54
,,0a49d947-2a5b-498d-a386-2cef5ce883fa,,,False,,,,,,,,,False,5,,,,31,,zone,,,,26851.040888976517,55
,,3d8e276f-b179-414d-a506-679d5e559d3e,,,False,,,,,,,,,False,5,,,,38,,zone,,,,37995.45303019733,56
,,421960d6-54a8-4f12-a5ee-7a07390def4c,,,False,,,,,,,,,False,4,,,,42,,zone,,,,32776.407536663435,57
,,404fac12-9b5c-430b-a01b-12b50d39521c,,,False,,,,,,,,,True,5,,,,237,,zone,,,,234315.16578695434,58
,,9c4c2657-6796-4953-bbe6-c50f24bb5820,,,False,,,,,,,,,False,6,,,,43,,zone,,,,45939.14898935366,59
,,4ebe49c8-3e68-43f7-b415-da3db9f72693,,,False,,,,,,,,,False,5,,,,39,,zone,,,,57721.08060822346,60
,,b5a78bda-3ca9-4ad4-bd03-4cee70baba2d,,,False,,,,,,,,,False,5,,,,230,,zone,,,,256796.34729275916,61
,,e229e0fd-559b-4c1e-bcba-ac23db1d01e3,,,False,,,,,,,,,False,5,,,,35,,zone,,,,44809.30164166968,62
,,a4c12003-9638-473d-bfe3-dddf509c80b8,,,False,,,,,,,,,False,5,,,,14,,zone,,,,13903.355605474142,63
,,f0b924fe-0df6-4ac2-85a2-5d2b96d081d5,,,False,,,,,,,,,False,5,,,,67,,zone,,,,37931.39949470854,64
,,332f161d-47cb-4c8a-b6b6-5ad48a55c978,,,False,,,,,,,,,False,1,,,,38,,zone,,,,2001.5249605115,65
,,d78ebdc6-2211-479e-bda6-59d79db20258,,,False,,,,,,,,,False,6,,,,39,,zone,,,,46999.233636974044,66
,,85809312-60f2-4a52-a694-82628529c05a,,,False,,,,,,,,,True,3,,,,32,,zone,,,,6239.800350069746,67
,,78a5c61d-9dce-4b52-b0da-bf7d22c1f501,,,False,,,,,,,,,False,3,,,,50,,zone,,,,7961.967556035723,68
,,37e2a4b6-2fbd-42f5-9d2d-130b664783f2,,,False,,,,,,,,,True,6,,,,68,,zone,,,,95067.18428910954,69
,,5caa3ace-277b-42db-97bd-585f29b0d49f,,,False,,,,,,,,,True,2,,,,84,,zone,,,,24774.41225794985,70
,,ec9eda79-e250-4e6f-a8f6-e51021fb054f,,,False,,,,,,,,,True,1,,,,50,,zone,,,,30650.245697705846,71
,,4f8c2e84-c15a-4474-91fb-7e14554d4c4e,,,False,,,,,,,,,True,1,,,,36,,zone,,,,4928.099112570852,72
,,04e09ed5-2d97-4e29-8438-b87748850dbb,,,False,,,,,,,,,True,2,,,,133,,zone,,,,120851.55991814099,73
,,7e2400e3-cad2-407a-927b-d575a35048e3,,,False,,,,,,,,,False,1,,,,207,,zone,,,,147644.93989844588,74
32,0.0,,,True,,,,,,,40.75769279895599,-73.99675861704367,True,,,0.0,0,,,0.0,intersection,,,0.0,,
32,0.0,,,True,,,,,,,40.75773270923646,-73.99685244972672,True,,,0.0,1,,,0.0,intersection,,,0.0,,
47,0.0,,,True,,,,,,,40.758923461504374,-73.99968824267692,True,,,0.0,2,,,0.0,intersection,,,0.0,,
47,0.0,,,True,,,,,,,40.75888662900734,-73.99960052557721,True,,,0.0,3,,,0.0,intersection,,,0.0,,
73,0.0,,,False,,,,,,,40.77297004905193,-73.98205987209225,False,,,0.0,4,,,0.0,intersection,,,0.0,,
73,0.0,,,False,,,,,,,40.77279664642433,-73.98219354222101,False,,,0.0,5,,,0.0,intersection,,,0.0,,
1,0.0,,,True,,,,,,,40.7457502675224,-73.9770478421812,True,,,0.0,6,,,0.0,intersection,,,0.0,,
1,0.0,,,False,,,,,,,40.74540421508246,-73.97735988995095,False,,,0.0,7,,,0.0,intersection,,,0.0,,
61,0.0,,,False,,,,,,,40.76990083204562,-73.96890454834984,False,,,0.0,8,,,0.0,intersection,,,0.0,,
30,0.0,,,False,,,,,,,40.75723313102446,-73.9897908537408,False,,,0.0,9,,,0.0,intersection,,,0.0,,
23,0.0,,,False,,,,,,,40.7560359025947,-73.98694873854555,False,,,0.0,10,,,0.0,intersection,,,0.0,,
11,0.0,,,False,,,,,,,40.753480988981444,-73.98088709868159,False,,,0.0,11,,,0.0,intersection,,,0.0,,
16,0.0,,,False,,,,,,,40.754842053365635,-73.98411754819868,False,,,0.0,12,,,0.0,intersection,,,0.0,,
20,0.0,,,False,,,,,,,40.75580802892465,-73.98640436719195,False,,,0.0,13,,,0.0,intersection,,,0.0,,
36,0.0,,,True,,,,,,,40.759626856359134,-73.99547450245583,True,,,0.0,14,,,0.0,intersection,,,0.0,,
37,0.0,,,False,,,,,,,40.75842968668136,-73.99263301195548,False,,,0.0,15,,,0.0,intersection,,,0.0,,
48,0.0,,,True,,,,,,,40.76082320829944,-73.998314745018,True,,,0.0,16,,,0.0,intersection,,,0.0,,
36,0.0,,,True,,,,,,,40.75897053183562,-73.99391578279774,True,,,0.0,17,,,0.0,intersection,,,0.0,,
3,0.0,,,False,,,,,,,40.74753551722541,-73.98830534859746,False,,,0.0,18,,,0.0,intersection,,,0.0,,
3,0.0,,,False,,,,,,,40.74678857018517,-73.98845268053961,False,,,0.0,19,,,0.0,intersection,,,0.0,,
3,0.0,,,False,,,,,,,40.74603641888894,-73.98859130741545,False,,,0.0,20,,,0.0,intersection,,,0.0,,
10,0.0,,,False,,,,,,,40.75348021455487,-73.97878321350412,False,,,0.0,21,,,0.0,intersection,,,0.0,,
29,0.0,,,False,,,,,,,40.75660606642587,-73.97650358105399,False,,,0.0,22,,,0.0,intersection,,,0.0,,
61,0.0,,,False,,,,,,,40.76671625233592,-73.96912885679255,False,,,0.0,23,,,0.0,intersection,,,0.0,,
49,0.0,,,False,,,,,,,40.76036416403519,-73.97376587587863,False,,,0.0,24,,,0.0,intersection,,,0.0,,
13,0.0,,,False,,,,,,,40.75410003047552,-73.9783321534232,False,,,0.0,25,,,0.0,intersection,,,0.0,,
13,0.0,,,False,,,,,,,40.75472872146189,-73.97787486264026,False,,,0.0,26,,,0.0,intersection,,,0.0,,
61,0.0,,,False,,,,,,,40.76546731445684,-73.97004232021709,False,,,0.0,27,,,0.0,intersection,,,0.0,,
61,0.0,,,False,,,,,,,40.764215685829,-73.9709566494806,False,,,0.0,28,,,0.0,intersection,,,0.0,,
61,0.0,,,False,,,,,,,40.76484126643975,-73.9704975048385,False,,,0.0,29,,,0.0,intersection,,,0.0,,
61,0.0,,,False,,,,,,,40.763587472774084,-73.9714114163879,False,,,0.0,30,,,0.0,intersection,,,0.0,,
8,0.0,,,False,,,,,,,40.7528004965437,-73.97928686269994,False,,,0.0,31,,,0.0,intersection,,,0.0,,
57,0.0,,,False,,,,,,,40.761614357051734,-73.97285250557616,False,,,0.0,32,,,0.0,intersection,,,0.0,,
18,0.0,,,False,,,,,,,40.7559801095051,-73.97696049646035,False,,,0.0,33,,,0.0,intersection,,,0.0,,
49,0.0,,,False,,,,,,,40.75911349624816,-73.97467949392737,False,,,0.0,34,,,0.0,intersection,,,0.0,,
29,0.0,,,False,,,,,,,40.75723205634018,-73.97604542189197,False,,,0.0,35,,,0.0,intersection,,,0.0,,
57,0.0,,,False,,,,,,,40.762963292824935,-73.97186904028806,False,,,0.0,36,,,0.0,intersection,,,0.0,,
61,0.0,,,False,,,,,,,40.76734174500005,-73.96867194001001,False,,,0.0,37,,,0.0,intersection,,,0.0,,
29,0.0,,,False,,,,,,,40.757859658924644,-73.97559123969421,False,,,0.0,38,,,0.0,intersection,,,0.0,,
61,0.0,,,False,,,,,,,40.766090865505596,-73.96958441473784,False,,,0.0,39,,,0.0,intersection,,,0.0,,
57,0.0,,,False,,,,,,,40.76098886518003,-73.97330887008175,False,,,0.0,40,,,0.0,intersection,,,0.0,,
57,0.0,,,False,,,,,,,40.76228837591513,-73.97236138684056,False,,,0.0,41,,,0.0,intersection,,,0.0,,
49,0.0,,,False,,,,,,,40.75973979521131,-73.97422333721077,False,,,0.0,42,,,0.0,intersection,,,0.0,,
61,0.0,,,False,,,,,,,40.767967848113464,-73.96821493144286,False,,,0.0,43,,,0.0,intersection,,,0.0,,
18,0.0,,,False,,,,,,,40.755354636014964,-73.9774170336444,False,,,0.0,44,,,0.0,intersection,,,0.0,,
29,0.0,,,False,,,,,,,40.758487149154966,-73.97513406347004,False,,,0.0,45,,,0.0,intersection,,,0.0,,
9,0.0,,,True,,,,,,,40.74463005489212,-73.99897237458379,True,,,0.0,46,,,0.0,intersection,,,0.0,,
10,0.0,,,False,,,,,,,40.75310803088865,-73.977867995197,False,,,0.0,47,,,0.0,intersection,,,0.0,,
55,0.0,,,False,,,,,,,40.76354367416884,-73.98519152229117,False,,,0.0,48,,,0.0,intersection,,,0.0,,
56,0.0,,,False,,,,,,,40.76270717683999,-73.98321466816301,False,,,0.0,49,,,0.0,intersection,,,0.0,,
40,0.0,,,False,,,,,,,40.75978675980173,-73.9762886955087,False,,,0.0,50,,,0.0,intersection,,,0.0,,
51,0.0,,,False,,,,,,,40.76114856133433,-73.97951319122413,False,,,0.0,51,,,0.0,intersection,,,0.0,,
58,0.0,,,False,,,,,,,40.765934220321114,-73.99087599476891,False,,,0.0,52,,,0.0,intersection,,,0.0,,
58,0.0,,,False,,,,,,,40.76473719931266,-73.98803275442712,False,,,0.0,53,,,0.0,intersection,,,0.0,,
58,0.0,,,False,,,,,,,40.767132620776636,-73.99371965696626,False,,,0.0,54,,,0.0,intersection,,,0.0,,
58,0.0,,,False,,,,,,,40.767989992856485,-73.99574495423472,False,,,0.0,55,,,0.0,intersection,,,0.0,,
56,0.0,,,False,,,,,,,40.7623430998844,-73.98235068991556,False,,,0.0,56,,,0.0,intersection,,,0.0,,
73,0.0,,,False,,,,,,,40.77289807178902,-73.98185817855847,False,,,0.0,57,,,0.0,intersection,,,0.0,,
70,0.0,,,False,,,,,,,40.76927283373307,-73.9810228999332,False,,,0.0,58,,,0.0,intersection,,,0.0,,
70,0.0,,,False,,,,,,,40.76974127555414,-73.98211463579376,False,,,0.0,59,,,0.0,intersection,,,0.0,,
73,0.0,,,True,,,,,,,40.77047959772469,-73.98385516752953,True,,,0.0,60,,,0.0,intersection,,,0.0,,
52,0.0,,,False,,,,,,,40.76045708823723,-73.98373015417644,False,,,0.0,61,,,0.0,intersection,,,0.0,,
52,0.0,,,False,,,,,,,40.76077220742045,-73.98446223291673,False,,,0.0,62,,,0.0,intersection,,,0.0,,
0,0.0,,,False,,,,,,,40.74715232945088,-73.98549602215013,False,,,0.0,63,,,0.0,intersection,,,0.0,,
3,0.0,,,False,,,,,,,40.748513273631005,-73.98871405108602,False,,,0.0,64,,,0.0,intersection,,,0.0,,
4,0.0,,,True,,,,,,,40.749705922682935,-73.99156300592118,True,,,0.0,65,,,0.0,intersection,,,0.0,,
3,0.0,,,False,,,,,,,40.748288822631416,-73.98817709950151,False,,,0.0,66,,,0.0,intersection,,,0.0,,
71,0.0,,,True,,,,,,,40.77105403757969,-73.98714552223257,True,,,0.0,67,,,0.0,intersection,,,0.0,,
71,0.0,,,True,,,,,,,40.772241894684214,-73.98999433610913,True,,,0.0,68,,,0.0,intersection,,,0.0,,
52,0.0,,,False,,,,,,,40.76109361500145,-73.98326290994166,False,,,0.0,69,,,0.0,intersection,,,0.0,,
1,0.0,,,False,,,,,,,40.7460358610872,-73.97679030983534,False,,,0.0,70,,,0.0,intersection,,,0.0,,
1,0.0,,,False,,,,,,,40.74657685359679,-73.97638587214081,False,,,0.0,71,,,0.0,intersection,,,0.0,,
38,0.0,,,False,,,,,,,40.75853349829333,-73.98884253861897,False,,,0.0,72,,,0.0,intersection,,,0.0,,
31,0.0,,,False,,,,,,,40.757339345247416,-73.98601452410382,False,,,0.0,73,,,0.0,intersection,,,0.0,,
48,0.0,,,True,,,,,,,40.762125248416574,-73.99738722337298,True,,,0.0,74,,,0.0,intersection,,,0.0,,
37,0.0,,,False,,,,,,,40.75972891548861,-73.99168501965693,False,,,0.0,75,,,0.0,intersection,,,0.0,,
48,0.0,,,True,,,,,,,40.760927044816434,-73.99452593263244,True,,,0.0,76,,,0.0,intersection,,,0.0,,
58,0.0,,,True,,,,,,,40.76304806641502,-73.999590084483,True,,,0.0,77,,,0.0,intersection,,,0.0,,
21,0.0,,,False,,,,,,,40.7552435377226,-73.97327559771465,False,,,0.0,78,,,0.0,intersection,,,0.0,,
21,0.0,,,False,,,,,,,40.754569630868545,-73.97167699177709,False,,,0.0,79,,,0.0,intersection,,,0.0,,
21,0.0,,,False,,,,,,,40.75592707758068,-73.9748950614305,False,,,0.0,80,,,0.0,intersection,,,0.0,,
29,0.0,,,False,,,,,,,40.756230981645196,-73.97561500805088,False,,,0.0,81,,,0.0,intersection,,,0.0,,
21,0.0,,,False,,,,,,,40.75362350887029,-73.9694310259929,False,,,0.0,82,,,0.0,intersection,,,0.0,,
3,0.0,,,False,,,,,,,40.749787028567205,-73.98776905997904,False,,,0.0,83,,,0.0,intersection,,,0.0,,
3,0.0,,,False,,,,,,,40.749854966929576,-73.98793687506083,False,,,0.0,84,,,0.0,intersection,,,0.0,,
8,0.0,,,False,,,,,,,40.75214077265929,-73.97976864692963,False,,,0.0,85,,,0.0,intersection,,,0.0,,
11,0.0,,,False,,,,,,,40.75281385672685,-73.98137143301355,False,,,0.0,86,,,0.0,intersection,,,0.0,,
5,0.0,,,False,,,,,,,40.75145496000445,-73.97816070261818,False,,,0.0,87,,,0.0,intersection,,,0.0,,
30,0.0,,,False,,,,,,,40.755950405478146,-73.99072636359239,False,,,0.0,88,,,0.0,intersection,,,0.0,,
66,0.0,,,False,,,,,,,40.76541847455109,-73.98382185671416,False,,,0.0,89,,,0.0,intersection,,,0.0,,
7,0.0,,,True,,,,,,,40.74843932791382,-73.99619655486144,True,,,0.0,90,,,0.0,intersection,,,0.0,,
7,0.0,,,False,,,,,,,40.75285340257386,-73.9929793783949,False,,,0.0,91,,,0.0,intersection,,,0.0,,
7,0.0,,,True,,,,,,,40.74905219582086,-73.99574855569102,True,,,0.0,92,,,0.0,intersection,,,0.0,,
9,0.0,,,True,,,,,,,40.7472051023047,-73.99709902930732,True,,,0.0,93,,,0.0,intersection,,,0.0,,
7,0.0,,,False,,,,,,,40.74967168235654,-73.99529821513553,False,,,0.0,94,,,0.0,intersection,,,0.0,,
68,0.0,,,False,,,,,,,40.76768179731238,-73.98215157186051,False,,,0.0,95,,,0.0,intersection,,,0.0,,
9,0.0,,,True,,,,,,,40.74595130151826,-73.99800821988927,True,,,0.0,96,,,0.0,intersection,,,0.0,,
54,0.0,,,False,,,,,,,40.76228995269574,-73.9861040616429,False,,,0.0,97,,,0.0,intersection,,,0.0,,
68,0.0,,,False,,,,,,,40.7673921526217,-73.98236545162864,False,,,0.0,98,,,0.0,intersection,,,0.0,,
9,0.0,,,True,,,,,,,40.74658089981115,-73.99755164550315,True,,,0.0,99,,,0.0,intersection,,,0.0,,
7,0.0,,,False,,,,,,,40.75029330919094,-73.99484363876576,False,,,0.0,100,,,0.0,intersection,,,0.0,,
7,0.0,,,True,,,,,,,40.74782272928702,-73.9966470443565,True,,,0.0,101,,,0.0,intersection,,,0.0,,
38,0.0,,,False,,,,,,,40.7597902764625,-73.98792640677709,False,,,0.0,102,,,0.0,intersection,,,0.0,,
54,0.0,,,False,,,,,,,40.761660130227924,-73.98656137899258,False,,,0.0,103,,,0.0,intersection,,,0.0,,
9,0.0,,,True,,,,,,,40.745294164155936,-73.99848652491012,True,,,0.0,104,,,0.0,intersection,,,0.0,,
56,0.0,,,False,,,,,,,40.76416910463629,-73.98473393726691,False,,,0.0,105,,,0.0,intersection,,,0.0,,
54,0.0,,,False,,,,,,,40.76103736724385,-73.98701514525702,False,,,0.0,106,,,0.0,intersection,,,0.0,,
17,0.0,,,False,,,,,,,40.7547068041459,-73.99163271332003,False,,,0.0,107,,,0.0,intersection,,,0.0,,
30,0.0,,,False,,,,,,,40.75656756469016,-73.99027621424345,False,,,0.0,108,,,0.0,intersection,,,0.0,,
38,0.0,,,False,,,,,,,40.7579066369405,-73.9892972754427,False,,,0.0,109,,,0.0,intersection,,,0.0,,
30,0.0,,,False,,,,,,,40.75532984781298,-73.99117738135767,False,,,0.0,110,,,0.0,intersection,,,0.0,,
54,0.0,,,False,,,,,,,40.76040478670456,-73.98747524675495,False,,,0.0,111,,,0.0,intersection,,,0.0,,
66,0.0,,,False,,,,,,,40.76671559489347,-73.98287713494143,False,,,0.0,112,,,0.0,intersection,,,0.0,,
66,0.0,,,False,,,,,,,40.764791814519164,-73.98428230166094,False,,,0.0,113,,,0.0,intersection,,,0.0,,
66,0.0,,,False,,,,,,,40.766045241492456,-73.98336657886037,False,,,0.0,114,,,0.0,intersection,,,0.0,,
38,0.0,,,False,,,,,,,40.759164186106794,-73.98839044532842,False,,,0.0,115,,,0.0,intersection,,,0.0,,
7,0.0,,,False,,,,,,,40.753473912596725,-73.99252855997325,False,,,0.0,116,,,0.0,intersection,,,0.0,,
55,0.0,,,False,,,,,,,40.76291487365119,-73.98564677815186,False,,,0.0,117,,,0.0,intersection,,,0.0,,
7,0.0,,,False,,,,,,,40.754091115131246,-73.99207900061595,False,,,0.0,118,,,0.0,intersection,,,0.0,,
7,0.0,,,False,,,,,,,40.75152222198484,-73.99394825701711,False,,,0.0,119,,,0.0,intersection,,,0.0,,
7,0.0,,,False,,,,,,,40.75219005560926,-73.99346417756946,False,,,0.0,120,,,0.0,intersection,,,0.0,,
61,0.0,,,False,,,,,,,40.76739372243378,-73.97072777432889,False,,,0.0,121,,,0.0,intersection,,,0.0,,
45,0.0,,,False,,,,,,,40.75939652126002,-73.98508531624692,False,,,0.0,122,,,0.0,intersection,,,0.0,,
52,0.0,,,False,,,,,,,40.76010552492775,-73.98481185067041,False,,,0.0,123,,,0.0,intersection,,,0.0,,
42,0.0,,,False,,,,,,,40.75869382685371,-73.98533868720627,False,,,0.0,124,,,0.0,intersection,,,0.0,,
59,0.0,,,False,,,,,,,40.76103990639027,-73.97537360649422,False,,,0.0,125,,,0.0,intersection,,,0.0,,
39,0.0,,,False,,,,,,,40.7590006489337,-73.9705341761304,False,,,0.0,126,,,0.0,intersection,,,0.0,,
39,0.0,,,False,,,,,,,40.75833009199418,-73.96893510353381,False,,,0.0,127,,,0.0,intersection,,,0.0,,
49,0.0,,,False,,,,,,,40.75968166670899,-73.97215696089367,False,,,0.0,128,,,0.0,intersection,,,0.0,,
2,0.0,,,True,,,,,,,40.74785495104175,-73.99290928741131,True,,,0.0,129,,,0.0,intersection,,,0.0,,
2,0.0,,,True,,,,,,,40.744762857302725,-73.99516116292078,True,,,0.0,130,,,0.0,intersection,,,0.0,,
2,0.0,,,True,,,,,,,40.74409853410907,-73.99564494028219,True,,,0.0,131,,,0.0,intersection,,,0.0,,
2,0.0,,,True,,,,,,,40.7460039815398,-73.99426258645353,True,,,0.0,132,,,0.0,intersection,,,0.0,,
2,0.0,,,True,,,,,,,40.74661753632944,-73.99381275053499,True,,,0.0,133,,,0.0,intersection,,,0.0,,
2,0.0,,,True,,,,,,,40.745382446279834,-73.99470867320771,True,,,0.0,134,,,0.0,intersection,,,0.0,,
2,0.0,,,True,,,,,,,40.7472352224087,-73.99335902221608,True,,,0.0,135,,,0.0,intersection,,,0.0,,
70,0.0,,,True,,,,,,,40.770528368977274,-73.98011181510351,True,,,0.0,136,,,0.0,intersection,,,0.0,,
73,0.0,,,False,,,,,,,40.77139253861558,-73.98215728034015,False,,,0.0,137,,,0.0,intersection,,,0.0,,
73,0.0,,,False,,,,,,,40.77173075735138,-73.98295812376999,False,,,0.0,138,,,0.0,intersection,,,0.0,,
22,0.0,,,False,,,,,,,40.75478254308151,-73.97993647203745,False,,,0.0,139,,,0.0,intersection,,,0.0,,
31,0.0,,,False,,,,,,,40.75725746566139,-73.98582082431481,False,,,0.0,140,,,0.0,intersection,,,0.0,,
16,0.0,,,False,,,,,,,40.75614022199905,-73.98316796085454,False,,,0.0,141,,,0.0,intersection,,,0.0,,
1,0.0,,,False,,,,,,,40.74904953982248,-73.98202464459851,False,,,0.0,142,,,0.0,intersection,,,0.0,,
0,0.0,,,False,,,,,,,40.74972377071227,-73.98362141094854,False,,,0.0,143,,,0.0,intersection,,,0.0,,
1,0.0,,,False,,,,,,,40.747684362053235,-73.97878754706639,False,,,0.0,144,,,0.0,intersection,,,0.0,,
1,0.0,,,False,,,,,,,40.748366520756655,-73.98040408953892,False,,,0.0,145,,,0.0,intersection,,,0.0,,
1,0.0,,,True,,,,,,,40.744489072432536,-73.97121617683598,True,,,0.0,146,,,0.0,intersection,,,0.0,,
1,0.0,,,False,,,,,,,40.74701018032219,-73.97718733816704,False,,,0.0,147,,,0.0,intersection,,,0.0,,
1,0.0,,,False,,,,,,,40.74506785371272,-73.97257598372887,False,,,0.0,148,,,0.0,intersection,,,0.0,,
1,0.0,,,False,,,,,,,40.74580225882822,-73.9742923513177,False,,,0.0,149,,,0.0,intersection,,,0.0,,
1,0.0,,,False,,,,,,,40.74607779637243,-73.97493633172772,False,,,0.0,150,,,0.0,intersection,,,0.0,,
1,0.0,,,False,,,,,,,40.74665030865863,-73.97631851858664,False,,,0.0,151,,,0.0,intersection,,,0.0,,
35,0.0,,,False,,,,,,,40.75797328414882,-73.98553726632602,False,,,0.0,152,,,0.0,intersection,,,0.0,,
58,0.0,,,False,,,,,,,40.76348603479698,-73.98894730750537,False,,,0.0,153,,,0.0,intersection,,,0.0,,
58,0.0,,,False,,,,,,,40.76223550403886,-73.98986283990625,False,,,0.0,154,,,0.0,intersection,,,0.0,,
58,0.0,,,False,,,,,,,40.76285924184355,-73.98940119836982,False,,,0.0,155,,,0.0,intersection,,,0.0,,
14,0.0,,,False,,,,,,,40.754749390640555,-73.98789162897867,False,,,0.0,156,,,0.0,intersection,,,0.0,,
11,0.0,,,False,,,,,,,40.752197126528074,-73.98182244341973,False,,,0.0,157,,,0.0,intersection,,,0.0,,
16,0.0,,,False,,,,,,,40.75355414838464,-73.9850436378596,False,,,0.0,158,,,0.0,intersection,,,0.0,,
14,0.0,,,False,,,,,,,40.75431781907167,-73.98686557851755,False,,,0.0,159,,,0.0,intersection,,,0.0,,
25,0.0,,,False,,,,,,,40.7571438581858,-73.9935619472169,False,,,0.0,160,,,0.0,intersection,,,0.0,,
32,0.0,,,False,,,,,,,40.75784678194407,-73.99523643395936,False,,,0.0,161,,,0.0,intersection,,,0.0,,
32,0.0,,,False,,,,,,,40.75768652517044,-73.9948546672738,False,,,0.0,162,,,0.0,intersection,,,0.0,,
60,0.0,,,False,,,,,,,40.76473425998756,-73.98221563063282,False,,,0.0,163,,,0.0,intersection,,,0.0,,
59,0.0,,,False,,,,,,,40.76166726993654,-73.97491476261246,False,,,0.0,164,,,0.0,intersection,,,0.0,,
62,0.0,,,False,,,,,,,40.763024014493716,-73.97813931702815,False,,,0.0,165,,,0.0,intersection,,,0.0,,
69,0.0,,,False,,,,,,,40.76781538200276,-73.98950498222074,False,,,0.0,166,,,0.0,intersection,,,0.0,,
69,0.0,,,False,,,,,,,40.76661598596017,-73.98665975610928,False,,,0.0,167,,,0.0,intersection,,,0.0,,
58,0.0,,,True,,,,,,,40.769932867975285,-73.99453226360556,True,,,0.0,168,,,0.0,intersection,,,0.0,,
58,0.0,,,True,,,,,,,40.769004973083035,-73.99234969601915,True,,,0.0,169,,,0.0,intersection,,,0.0,,
60,0.0,,,False,,,,,,,40.76422265745357,-73.98098064791802,False,,,0.0,170,,,0.0,intersection,,,0.0,,
2,0.0,,,False,,,,,,,40.74665928287045,-73.99006749235761,False,,,0.0,171,,,0.0,intersection,,,0.0,,
72,0.0,,,True,,,,,,,40.77115532716557,-73.97965233349784,True,,,0.0,172,,,0.0,intersection,,,0.0,,
6,0.0,,,False,,,,,,,40.75165880828192,-73.99013379260678,False,,,0.0,173,,,0.0,intersection,,,0.0,,
27,0.0,,,False,,,,,,,40.75671007129487,-73.98645825475452,False,,,0.0,174,,,0.0,intersection,,,0.0,,
14,0.0,,,False,,,,,,,40.75351677843798,-73.98878655070159,False,,,0.0,175,,,0.0,intersection,,,0.0,,
23,0.0,,,False,,,,,,,40.7553729609264,-73.98744642207124,False,,,0.0,176,,,0.0,intersection,,,0.0,,
14,0.0,,,False,,,,,,,40.754130293077665,-73.98833572548162,False,,,0.0,177,,,0.0,intersection,,,0.0,,
6,0.0,,,False,,,,,,,40.75228026273499,-73.98969328136359,False,,,0.0,178,,,0.0,intersection,,,0.0,,
6,0.0,,,False,,,,,,,40.75289546416634,-73.98924341991618,False,,,0.0,179,,,0.0,intersection,,,0.0,,
71,0.0,,,False,,,,,,,40.770415443111055,-73.98761512117859,False,,,0.0,180,,,0.0,intersection,,,0.0,,
69,0.0,,,False,,,,,,,40.769226400867495,-73.98476369205528,False,,,0.0,181,,,0.0,intersection,,,0.0,,
71,0.0,,,False,,,,,,,40.77161224784207,-73.99045325442806,False,,,0.0,182,,,0.0,intersection,,,0.0,,
50,0.0,,,False,,,,,,,40.75927066871095,-73.98088574526442,False,,,0.0,183,,,0.0,intersection,,,0.0,,
51,0.0,,,False,,,,,,,40.75989908079524,-73.98042606394998,False,,,0.0,184,,,0.0,intersection,,,0.0,,
12,0.0,,,True,,,,,,,40.752688623779854,-74.00052667562052,True,,,0.0,185,,,0.0,intersection,,,0.0,,
9,0.0,,,True,,,,,,,40.75205466487654,-74.00097454840547,True,,,0.0,186,,,0.0,intersection,,,0.0,,
69,0.0,,,False,,,,,,,40.76859463067954,-73.98521720296351,False,,,0.0,187,,,0.0,intersection,,,0.0,,
71,0.0,,,True,,,,,,,40.77098775906786,-73.99091307541306,True,,,0.0,188,,,0.0,intersection,,,0.0,,
71,0.0,,,True,,,,,,,40.769790799510055,-73.98806289566666,True,,,0.0,189,,,0.0,intersection,,,0.0,,
56,0.0,,,False,,,,,,,40.76142306814165,-73.98404974058099,False,,,0.0,190,,,0.0,intersection,,,0.0,,
9,0.0,,,False,,,,,,,40.749638419535245,-73.99903509006636,False,,,0.0,191,,,0.0,intersection,,,0.0,,
3,0.0,,,False,,,,,,,40.74789543474344,-73.98916651688931,False,,,0.0,192,,,0.0,intersection,,,0.0,,
9,0.0,,,False,,,,,,,40.74839931816922,-73.99993697165554,False,,,0.0,193,,,0.0,intersection,,,0.0,,
9,0.0,,,False,,,,,,,40.75086226277692,-73.99814929324788,False,,,0.0,194,,,0.0,intersection,,,0.0,,
9,0.0,,,False,,,,,,,40.75024083548617,-73.99859426118756,False,,,0.0,195,,,0.0,intersection,,,0.0,,
9,0.0,,,False,,,,,,,40.747767891544534,-74.00039850902408,False,,,0.0,196,,,0.0,intersection,,,0.0,,
9,0.0,,,False,,,,,,,40.74714677389837,-74.00084826827853,False,,,0.0,197,,,0.0,intersection,,,0.0,,
9,0.0,,,False,,,,,,,40.75147965125278,-73.99768714083842,False,,,0.0,198,,,0.0,intersection,,,0.0,,
9,0.0,,,False,,,,,,,40.754056624933234,-73.99581650409682,False,,,0.0,199,,,0.0,intersection,,,0.0,,
45,0.0,,,False,,,,,,,40.759199410623665,-73.98461925246458,False,,,0.0,200,,,0.0,intersection,,,0.0,,
50,0.0,,,False,,,,,,,40.75802130230835,-73.98179404264717,False,,,0.0,201,,,0.0,intersection,,,0.0,,
22,0.0,,,False,,,,,,,40.75540496545605,-73.97948313821743,False,,,0.0,202,,,0.0,intersection,,,0.0,,
15,0.0,,,False,,,,,,,40.75336712254381,-73.97464798039783,False,,,0.0,203,,,0.0,intersection,,,0.0,,
5,0.0,,,False,,,,,,,40.75269162252308,-73.9730450260775,False,,,0.0,204,,,0.0,intersection,,,0.0,,
5,0.0,,,False,,,,,,,40.750763668507474,-73.96842681210894,False,,,0.0,205,,,0.0,intersection,,,0.0,,
15,0.0,,,False,,,,,,,40.75434855951775,-73.97697387361872,False,,,0.0,206,,,0.0,intersection,,,0.0,,
5,0.0,,,False,,,,,,,40.751748200786075,-73.97080361219892,False,,,0.0,207,,,0.0,intersection,,,0.0,,
15,0.0,,,False,,,,,,,40.7542808201119,-73.97681333274798,False,,,0.0,208,,,0.0,intersection,,,0.0,,
15,0.0,,,False,,,,,,,40.75385400930538,-73.97580182419873,False,,,0.0,209,,,0.0,intersection,,,0.0,,
3,0.0,,,False,,,,,,,40.74931374577753,-73.98799799528092,False,,,0.0,210,,,0.0,intersection,,,0.0,,
3,0.0,,,False,,,,,,,40.749022999948274,-73.98803809942204,False,,,0.0,211,,,0.0,intersection,,,0.0,,
0,0.0,,,False,,,,,,,40.74406552839963,-73.98774683766104,False,,,0.0,212,,,0.0,intersection,,,0.0,,
58,0.0,,,False,,,,,,,40.76468386716969,-73.99178834101038,False,,,0.0,213,,,0.0,intersection,,,0.0,,
58,0.0,,,False,,,,,,,40.763430805099304,-73.99270143495961,False,,,0.0,214,,,0.0,intersection,,,0.0,,
58,0.0,,,False,,,,,,,40.76405677869733,-73.99224402776572,False,,,0.0,215,,,0.0,intersection,,,0.0,,
0,0.0,,,False,,,,,,,40.746478268039525,-73.98389684745828,False,,,0.0,216,,,0.0,intersection,,,0.0,,
1,0.0,,,False,,,,,,,40.74511582566123,-73.98065842673643,False,,,0.0,217,,,0.0,intersection,,,0.0,,
1,0.0,,,True,,,,,,,40.74579756271906,-73.98227872688256,True,,,0.0,218,,,0.0,intersection,,,0.0,,
1,0.0,,,True,,,,,,,40.74444355177841,-73.97905849562405,True,,,0.0,219,,,0.0,intersection,,,0.0,,
4,0.0,,,True,,,,,,,40.748469734271815,-73.9924623984259,True,,,0.0,220,,,0.0,intersection,,,0.0,,
0,0.0,,,False,,,,,,,40.745921194518054,-73.98639326575166,False,,,0.0,221,,,0.0,intersection,,,0.0,,
2,0.0,,,False,,,,,,,40.74727642227208,-73.98961683134056,False,,,0.0,222,,,0.0,intersection,,,0.0,,
42,0.0,,,False,,,,,,,40.75857362544388,-73.98504970040777,False,,,0.0,223,,,0.0,intersection,,,0.0,,
5,0.0,,,False,,,,,,,40.74755780252744,-73.97273805847897,False,,,0.0,224,,,0.0,intersection,,,0.0,,
5,0.0,,,True,,,,,,,40.74725913030616,-73.97295799955089,True,,,0.0,225,,,0.0,intersection,,,0.0,,
67,0.0,,,False,,,,,,,40.76764472329978,-73.98163412115187,False,,,0.0,226,,,0.0,intersection,,,0.0,,
70,0.0,,,True,,,,,,,40.7684363222235,-73.9816480461637,True,,,0.0,227,,,0.0,intersection,,,0.0,,
70,0.0,,,True,,,,,,,40.768480792063,-73.98206725110893,True,,,0.0,228,,,0.0,intersection,,,0.0,,
67,0.0,,,True,,,,,,,40.76787244626704,-73.98133713070004,True,,,0.0,229,,,0.0,intersection,,,0.0,,
36,0.0,,,True,,,,,,,40.759380254935806,-73.99693923281724,True,,,0.0,230,,,0.0,intersection,,,0.0,,
5,0.0,,,False,,,,,,,40.748499768991984,-73.97497152188227,False,,,0.0,231,,,0.0,intersection,,,0.0,,
5,0.0,,,True,,,,,,,40.748196226455576,-73.97519259457277,True,,,0.0,232,,,0.0,intersection,,,0.0,,
3,0.0,,,False,,,,,,,40.74913016901412,-73.98823761463858,False,,,0.0,233,,,0.0,intersection,,,0.0,,
1,0.0,,,False,,,,,,,40.75090510178984,-73.98067345262578,False,,,0.0,234,,,0.0,intersection,,,0.0,,
11,0.0,,,False,,,,,,,40.75157729879416,-73.98227490396631,False,,,0.0,235,,,0.0,intersection,,,0.0,,
1,0.0,,,False,,,,,,,40.74953989517235,-73.97743506115525,False,,,0.0,236,,,0.0,intersection,,,0.0,,
1,0.0,,,False,,,,,,,40.750218543319555,-73.97905508167153,False,,,0.0,237,,,0.0,intersection,,,0.0,,
5,0.0,,,False,,,,,,,40.74886314636499,-73.97583466718203,False,,,0.0,238,,,0.0,intersection,,,0.0,,
5,0.0,,,False,,,,,,,40.74791884330195,-73.9735917456709,False,,,0.0,239,,,0.0,intersection,,,0.0,,
5,0.0,,,False,,,,,,,40.74693898592774,-73.97127491509254,False,,,0.0,240,,,0.0,intersection,,,0.0,,
61,0.0,,,False,,,,,,,40.76478806554516,-73.96843170425646,False,,,0.0,241,,,0.0,intersection,,,0.0,,
61,0.0,,,False,,,,,,,40.76614246831974,-73.97164774285723,False,,,0.0,242,,,0.0,intersection,,,0.0,,
52,0.0,,,False,,,,,,,40.759841592054585,-73.98417368705124,False,,,0.0,243,,,0.0,intersection,,,0.0,,
0,0.0,,,False,,,,,,,40.749102125122896,-73.9840763605007,False,,,0.0,244,,,0.0,intersection,,,0.0,,
3,0.0,,,False,,,,,,,40.750451609049875,-73.98729377002992,False,,,0.0,245,,,0.0,intersection,,,0.0,,
26,0.0,,,False,,,,,,,40.756560728380165,-73.98610665777606,False,,,0.0,246,,,0.0,intersection,,,0.0,,
72,0.0,,,False,,,,,,,40.77178126576791,-73.97919214470829,False,,,0.0,247,,,0.0,intersection,,,0.0,,
5,0.0,,,False,,,,,,,40.74911701108983,-73.97451592716084,False,,,0.0,248,,,0.0,intersection,,,0.0,,
50,0.0,,,False,,,,,,,40.75864529863758,-73.98134107082367,False,,,0.0,249,,,0.0,intersection,,,0.0,,
12,0.0,,,False,,,,,,,40.7552517627871,-73.99866067185415,False,,,0.0,250,,,0.0,intersection,,,0.0,,
12,0.0,,,False,,,,,,,40.754600585246045,-73.99711097777725,False,,,0.0,251,,,0.0,intersection,,,0.0,,
53,0.0,,,False,,,,,,,40.76354722726898,-73.96933763235634,False,,,0.0,252,,,0.0,intersection,,,0.0,,
61,0.0,,,False,,,,,,,40.764897731911255,-73.9725535232808,False,,,0.0,253,,,0.0,intersection,,,0.0,,
58,0.0,,,False,,,,,,,40.76588086750677,-73.99463085302449,False,,,0.0,254,,,0.0,intersection,,,0.0,,
53,0.0,,,False,,,,,,,40.76416125005491,-73.96888934306426,False,,,0.0,255,,,0.0,intersection,,,0.0,,
61,0.0,,,False,,,,,,,40.76551725042775,-73.97209852496763,False,,,0.0,256,,,0.0,intersection,,,0.0,,
53,0.0,,,False,,,,,,,40.7622268209155,-73.96818687760135,False,,,0.0,257,,,0.0,intersection,,,0.0,,
53,0.0,,,False,,,,,,,40.76291351152227,-73.96980028947748,False,,,0.0,258,,,0.0,intersection,,,0.0,,
61,0.0,,,False,,,,,,,40.764278879403925,-73.97301487286536,False,,,0.0,259,,,0.0,intersection,,,0.0,,
1,0.0,,,False,,,,,,,40.74631720844957,-73.97363275866546,False,,,0.0,260,,,0.0,intersection,,,0.0,,
5,0.0,,,True,,,,,,,40.74694054816745,-73.97319260047601,True,,,0.0,261,,,0.0,intersection,,,0.0,,
4,0.0,,,True,,,,,,,40.74910144453672,-73.99200552913474,True,,,0.0,262,,,0.0,intersection,,,0.0,,
11,0.0,,,False,,,,,,,40.75415480867357,-73.98039560142486,False,,,0.0,263,,,0.0,intersection,,,0.0,,
1,0.0,,,False,,,,,,,40.74725754135058,-73.97585773007957,False,,,0.0,264,,,0.0,intersection,,,0.0,,
1,0.0,,,False,,,,,,,40.74788171431862,-73.97542165346253,False,,,0.0,265,,,0.0,intersection,,,0.0,,
71,0.0,,,False,,,,,,,40.77252911594868,-73.99261294431643,False,,,0.0,266,,,0.0,intersection,,,0.0,,
71,0.0,,,False,,,,,,,40.7728703742979,-73.99341682201474,False,,,0.0,267,,,0.0,intersection,,,0.0,,
1,0.0,,,False,,,,,,,40.74966808906003,-73.98157269656679,False,,,0.0,268,,,0.0,intersection,,,0.0,,
0,0.0,,,False,,,,,,,40.74524398454169,-73.98479315319844,False,,,0.0,269,,,0.0,intersection,,,0.0,,
0,0.0,,,False,,,,,,,40.74586087049935,-73.98434466709115,False,,,0.0,270,,,0.0,intersection,,,0.0,,
0,0.0,,,False,,,,,,,40.744007641478284,-73.98569571320023,False,,,0.0,271,,,0.0,intersection,,,0.0,,
0,0.0,,,False,,,,,,,40.74843150136608,-73.98247212013254,False,,,0.0,272,,,0.0,intersection,,,0.0,,
0,0.0,,,False,,,,,,,40.744626520705125,-73.98524354922307,False,,,0.0,273,,,0.0,intersection,,,0.0,,
8,0.0,,,False,,,,,,,40.751521979525535,-73.98022089972898,False,,,0.0,274,,,0.0,intersection,,,0.0,,
1,0.0,,,False,,,,,,,40.75028245852974,-73.98112322914119,False,,,0.0,275,,,0.0,intersection,,,0.0,,
0,0.0,,,False,,,,,,,40.74776435303334,-73.98295690984754,False,,,0.0,276,,,0.0,intersection,,,0.0,,
0,0.0,,,False,,,,,,,40.74709837378419,-73.98344537196765,False,,,0.0,277,,,0.0,intersection,,,0.0,,
59,0.0,,,False,,,,,,,40.76229308303933,-73.97445730581376,False,,,0.0,278,,,0.0,intersection,,,0.0,,
53,0.0,,,False,,,,,,,40.76025143994355,-73.96962500214775,False,,,0.0,279,,,0.0,intersection,,,0.0,,
53,0.0,,,True,,,,,,,40.75957813974875,-73.968024369245,True,,,0.0,280,,,0.0,intersection,,,0.0,,
53,0.0,,,False,,,,,,,40.7609361754784,-73.97124220120115,False,,,0.0,281,,,0.0,intersection,,,0.0,,
73,0.0,,,False,,,,,,,40.77108795746409,-73.98342087620335,False,,,0.0,282,,,0.0,intersection,,,0.0,,
73,0.0,,,True,,,,,,,40.77229925652377,-73.98623798935444,True,,,0.0,283,,,0.0,intersection,,,0.0,,
58,0.0,,,False,,,,,,,40.76462606320458,-73.99554485751136,False,,,0.0,284,,,0.0,intersection,,,0.0,,
48,0.0,,,True,,,,,,,40.76149953293212,-73.99782085908333,True,,,0.0,285,,,0.0,intersection,,,0.0,,
58,0.0,,,False,,,,,,,40.76399968032617,-73.99600204811865,False,,,0.0,286,,,0.0,intersection,,,0.0,,
48,0.0,,,True,,,,,,,40.762748835952394,-73.99691343077386,True,,,0.0,287,,,0.0,intersection,,,0.0,,
58,0.0,,,True,,,,,,,40.76337576288642,-73.99645693237058,True,,,0.0,288,,,0.0,intersection,,,0.0,,
2,0.0,,,False,,,,,,,40.74480268208865,-73.9914185853309,False,,,0.0,289,,,0.0,intersection,,,0.0,,
60,0.0,,,False,,,,,,,40.763364927677785,-73.98281763041271,False,,,0.0,290,,,0.0,intersection,,,0.0,,
66,0.0,,,False,,,,,,,40.76628716664061,-73.98184737975764,False,,,0.0,291,,,0.0,intersection,,,0.0,,
60,0.0,,,False,,,,,,,40.764033463603106,-73.98246970780883,False,,,0.0,292,,,0.0,intersection,,,0.0,,
67,0.0,,,False,,,,,,,40.767108774786536,-73.98171761581374,False,,,0.0,293,,,0.0,intersection,,,0.0,,
64,0.0,,,False,,,,,,,40.76545985982696,-73.98198845049986,False,,,0.0,294,,,0.0,intersection,,,0.0,,
58,0.0,,,False,,,,,,,40.765252786422344,-73.99508813202962,False,,,0.0,295,,,0.0,intersection,,,0.0,,
2,0.0,,,False,,,,,,,40.745420890467635,-73.99096832813171,False,,,0.0,296,,,0.0,intersection,,,0.0,,
2,0.0,,,False,,,,,,,40.744185570668094,-73.99187102444273,False,,,0.0,297,,,0.0,intersection,,,0.0,,
2,0.0,,,False,,,,,,,40.74604075470099,-73.99051607671446,False,,,0.0,298,,,0.0,intersection,,,0.0,,
58,0.0,,,True,,,,,,,40.76548940097389,-73.99757475644829,True,,,0.0,299,,,0.0,intersection,,,0.0,,
71,0.0,,,True,,,,,,,40.77187428967047,-73.99301263673588,True,,,0.0,300,,,0.0,intersection,,,0.0,,
0,0.0,,,False,,,,,,,40.75034220887419,-73.98317416346211,False,,,0.0,301,,,0.0,intersection,,,0.0,,
1,0.0,,,False,,,,,,,40.748302682184104,-73.97833821761334,False,,,0.0,302,,,0.0,intersection,,,0.0,,
1,0.0,,,False,,,,,,,40.74898547380461,-73.97995430495418,False,,,0.0,303,,,0.0,intersection,,,0.0,,
1,0.0,,,True,,,,,,,40.74510596078966,-73.97077221142679,True,,,0.0,304,,,0.0,intersection,,,0.0,,
1,0.0,,,False,,,,,,,40.74762789121422,-73.97673494373788,False,,,0.0,305,,,0.0,intersection,,,0.0,,
1,0.0,,,True,,,,,,,40.74568090150788,-73.97212958956463,True,,,0.0,306,,,0.0,intersection,,,0.0,,
1,0.0,,,False,,,,,,,40.746682560875236,-73.9744958771056,False,,,0.0,307,,,0.0,intersection,,,0.0,,
1,0.0,,,True,,,,,,,40.745919896301565,-73.9726941749331,True,,,0.0,308,,,0.0,intersection,,,0.0,,
0,0.0,,,False,,,,,,,40.74843884222939,-73.98456077106897,False,,,0.0,309,,,0.0,intersection,,,0.0,,
34,0.0,,,False,,,,,,,40.75728443825639,-73.97811606532336,False,,,0.0,310,,,0.0,intersection,,,0.0,,
28,0.0,,,False,,,,,,,40.7566548427295,-73.9785652538158,False,,,0.0,311,,,0.0,intersection,,,0.0,,
0,0.0,,,False,,,,,,,40.746535853851846,-73.98594856747124,False,,,0.0,312,,,0.0,intersection,,,0.0,,
22,0.0,,,False,,,,,,,40.7560318676442,-73.9790239681909,False,,,0.0,313,,,0.0,intersection,,,0.0,,
34,0.0,,,False,,,,,,,40.75791142357778,-73.9776548278053,False,,,0.0,314,,,0.0,intersection,,,0.0,,
0,0.0,,,False,,,,,,,40.74468149840314,-73.98729805549038,False,,,0.0,315,,,0.0,intersection,,,0.0,,
40,0.0,,,False,,,,,,,40.76041851982228,-73.97583011953861,False,,,0.0,316,,,0.0,intersection,,,0.0,,
0,0.0,,,False,,,,,,,40.7453007259957,-73.98684539262783,False,,,0.0,317,,,0.0,intersection,,,0.0,,
61,0.0,,,False,,,,,,,40.76365910394998,-73.97346523415527,False,,,0.0,318,,,0.0,intersection,,,0.0,,
0,0.0,,,False,,,,,,,40.75095894463462,-73.98272387439214,False,,,0.0,319,,,0.0,intersection,,,0.0,,
59,0.0,,,False,,,,,,,40.76296658678874,-73.97396798923295,False,,,0.0,320,,,0.0,intersection,,,0.0,,
0,0.0,,,False,,,,,,,40.74777301788657,-73.98504577643473,False,,,0.0,321,,,0.0,intersection,,,0.0,,
40,0.0,,,False,,,,,,,40.75853793285152,-73.97720026571109,False,,,0.0,322,,,0.0,intersection,,,0.0,,
40,0.0,,,False,,,,,,,40.75916473813571,-73.97674467649142,False,,,0.0,323,,,0.0,intersection,,,0.0,,
51,0.0,,,False,,,,,,,40.76177071896348,-73.97905731129943,False,,,0.0,324,,,0.0,intersection,,,0.0,,
62,0.0,,,False,,,,,,,40.76432369162252,-73.97719688637949,False,,,0.0,325,,,0.0,intersection,,,0.0,,
62,0.0,,,False,,,,,,,40.7623960715726,-73.97860169422573,False,,,0.0,326,,,0.0,intersection,,,0.0,,
63,0.0,,,False,,,,,,,40.76499544994367,-73.97670323537042,False,,,0.0,327,,,0.0,intersection,,,0.0,,
62,0.0,,,False,,,,,,,40.76364440292912,-73.9776860057449,False,,,0.0,328,,,0.0,intersection,,,0.0,,
51,0.0,,,False,,,,,,,40.76052470128129,-73.9799718817586,False,,,0.0,329,,,0.0,intersection,,,0.0,,
1,0.0,,,True,,,,,,,40.74409556189692,-73.97631670025899,True,,,0.0,330,,,0.0,intersection,,,0.0,,
5,0.0,,,False,,,,,,,40.75274137932383,-73.97510266118589,False,,,0.0,331,,,0.0,intersection,,,0.0,,
5,0.0,,,False,,,,,,,40.75206493168699,-73.97350255844735,False,,,0.0,332,,,0.0,intersection,,,0.0,,
5,0.0,,,False,,,,,,,40.75011244361433,-73.968907972376,False,,,0.0,333,,,0.0,intersection,,,0.0,,
5,0.0,,,False,,,,,,,40.751122240368815,-73.97126234417276,False,,,0.0,334,,,0.0,intersection,,,0.0,,
0,0.0,,,True,,,,,,,40.74456180984306,-73.98317767521127,True,,,0.0,335,,,0.0,intersection,,,0.0,,
58,0.0,,,False,,,,,,,40.76656125829893,-73.99042167988476,False,,,0.0,336,,,0.0,intersection,,,0.0,,
69,0.0,,,True,,,,,,,40.76911581717426,-73.98855898630949,True,,,0.0,337,,,0.0,intersection,,,0.0,,
69,0.0,,,False,,,,,,,40.767187474661135,-73.98996382702617,False,,,0.0,338,,,0.0,intersection,,,0.0,,
69,0.0,,,True,,,,,,,40.76844009111211,-73.98905077226522,True,,,0.0,339,,,0.0,intersection,,,0.0,,
58,0.0,,,False,,,,,,,40.76530926983906,-73.99133264589317,False,,,0.0,340,,,0.0,intersection,,,0.0,,
21,0.0,,,False,,,,,,,40.75461877350254,-73.9737341062431,False,,,0.0,341,,,0.0,intersection,,,0.0,,
5,0.0,,,False,,,,,,,40.75077550667088,-73.97653485332258,False,,,0.0,342,,,0.0,intersection,,,0.0,,
1,0.0,,,False,,,,,,,40.74449827888433,-73.98110859857756,False,,,0.0,343,,,0.0,intersection,,,0.0,,
5,0.0,,,False,,,,,,,40.751441393631296,-73.9760482489927,False,,,0.0,344,,,0.0,intersection,,,0.0,,
5,0.0,,,False,,,,,,,40.75211618280388,-73.97555800819187,False,,,0.0,345,,,0.0,intersection,,,0.0,,
21,0.0,,,False,,,,,,,40.75587055193613,-73.97281967426888,False,,,0.0,346,,,0.0,intersection,,,0.0,,
1,0.0,,,False,,,,,,,40.747067642367135,-73.97923826249347,False,,,0.0,347,,,0.0,intersection,,,0.0,,
53,0.0,,,False,,,,,,,40.76159996052621,-73.96864226160424,False,,,0.0,348,,,0.0,intersection,,,0.0,,
39,0.0,,,False,,,,,,,40.75962490614279,-73.97008100794466,False,,,0.0,349,,,0.0,intersection,,,0.0,,
21,0.0,,,False,,,,,,,40.756497725242944,-73.9723627604543,False,,,0.0,350,,,0.0,intersection,,,0.0,,
39,0.0,,,False,,,,,,,40.75774923184802,-73.97145048090145,False,,,0.0,351,,,0.0,intersection,,,0.0,,
53,0.0,,,False,,,,,,,40.76092919000981,-73.9691324746202,False,,,0.0,352,,,0.0,intersection,,,0.0,,
5,0.0,,,False,,,,,,,40.75015695905998,-73.9769857070656,False,,,0.0,353,,,0.0,intersection,,,0.0,,
1,0.0,,,False,,,,,,,40.74892133536177,-73.97788818228179,False,,,0.0,354,,,0.0,intersection,,,0.0,,
39,0.0,,,False,,,,,,,40.758373329772446,-73.97099370607167,False,,,0.0,355,,,0.0,intersection,,,0.0,,
1,0.0,,,False,,,,,,,40.746402875916665,-73.97972346468045,False,,,0.0,356,,,0.0,intersection,,,0.0,,
1,0.0,,,False,,,,,,,40.745733361871224,-73.98020971238012,False,,,0.0,357,,,0.0,intersection,,,0.0,,
15,0.0,,,False,,,,,,,40.753993510497565,-73.97418937119478,False,,,0.0,358,,,0.0,intersection,,,0.0,,
21,0.0,,,False,,,,,,,40.757124673579916,-73.971906760646,False,,,0.0,359,,,0.0,intersection,,,0.0,,
70,0.0,,,False,,,,,,,40.76990532480876,-73.98056370637897,False,,,0.0,360,,,0.0,intersection,,,0.0,,
70,0.0,,,False,,,,,,,40.770568430795485,-73.98213599707363,False,,,0.0,361,,,0.0,intersection,,,0.0,,
1,0.0,,,False,,,,,,,40.74775037042254,-73.98085054484181,False,,,0.0,362,,,0.0,intersection,,,0.0,,
1,0.0,,,False,,,,,,,40.75084248460604,-73.97860724081994,False,,,0.0,363,,,0.0,intersection,,,0.0,,
1,0.0,,,False,,,,,,,40.74960334428854,-73.97950369413239,False,,,0.0,364,,,0.0,intersection,,,0.0,,
1,0.0,,,False,,,,,,,40.74707866324776,-73.98134068719702,False,,,0.0,365,,,0.0,intersection,,,0.0,,
1,0.0,,,True,,,,,,,40.74641659068894,-73.9818336504509,True,,,0.0,366,,,0.0,intersection,,,0.0,,
0,0.0,,,False,,,,,,,40.7445329332478,-73.98886889500245,False,,,0.0,367,,,0.0,intersection,,,0.0,,
56,0.0,,,False,,,,,,,40.76206479589162,-73.98362866795459,False,,,0.0,368,,,0.0,intersection,,,0.0,,
21,0.0,,,False,,,,,,,40.75394323419084,-73.97213617329949,False,,,0.0,369,,,0.0,intersection,,,0.0,,
15,0.0,,,False,,,,,,,40.75530253595787,-73.97535053257678,False,,,0.0,370,,,0.0,intersection,,,0.0,,
18,0.0,,,False,,,,,,,40.7556077079871,-73.97607563246378,False,,,0.0,371,,,0.0,intersection,,,0.0,,
21,0.0,,,False,,,,,,,40.752998848900404,-73.9698858979703,False,,,0.0,372,,,0.0,intersection,,,0.0,,
5,0.0,,,False,,,,,,,40.7485383763817,-73.97314042165772,False,,,0.0,373,,,0.0,intersection,,,0.0,,
5,0.0,,,False,,,,,,,40.749483068076735,-73.9753829537132,False,,,0.0,374,,,0.0,intersection,,,0.0,,
71,0.0,,,True,,,,,,,40.77166818368778,-73.98669559355295,True,,,0.0,375,,,0.0,intersection,,,0.0,,
5,0.0,,,False,,,,,,,40.74803899683248,-73.96804637817502,False,,,0.0,376,,,0.0,intersection,,,0.0,,
5,0.0,,,False,,,,,,,40.74880015170238,-73.96984394222223,False,,,0.0,377,,,0.0,intersection,,,0.0,,
3,0.0,,,False,,,,,,,40.74949077821804,-73.98797357693286,False,,,0.0,378,,,0.0,intersection,,,0.0,,
50,0.0,,,False,,,,,,,40.757387364742094,-73.98225528644404,False,,,0.0,379,,,0.0,intersection,,,0.0,,
58,0.0,,,False,,,,,,,40.760993558742584,-73.99076026786929,False,,,0.0,380,,,0.0,intersection,,,0.0,,
72,0.0,,,True,,,,,,,40.77241889825767,-73.97872246750443,True,,,0.0,381,,,0.0,intersection,,,0.0,,
16,0.0,,,False,,,,,,,40.75551634571838,-73.98362433268645,False,,,0.0,382,,,0.0,intersection,,,0.0,,
14,0.0,,,False,,,,,,,40.75231680529444,-73.98594653100483,False,,,0.0,383,,,0.0,intersection,,,0.0,,
16,0.0,,,False,,,,,,,40.75417694199775,-73.98459584278889,False,,,0.0,384,,,0.0,intersection,,,0.0,,
16,0.0,,,False,,,,,,,40.75293517881572,-73.98548819097519,False,,,0.0,385,,,0.0,intersection,,,0.0,,
16,0.0,,,False,,,,,,,40.756771228486315,-73.98271205231288,False,,,0.0,386,,,0.0,intersection,,,0.0,,
3,0.0,,,False,,,,,,,40.7510816792154,-73.98684991118436,False,,,0.0,387,,,0.0,intersection,,,0.0,,
3,0.0,,,False,,,,,,,40.751699985312676,-73.98639930861408,False,,,0.0,388,,,0.0,intersection,,,0.0,,
69,0.0,,,True,,,,,,,40.7698481832739,-73.98431491272636,True,,,0.0,389,,,0.0,intersection,,,0.0,,
3,0.0,,,False,,,,,,,40.750660714010394,-73.98777909954923,False,,,0.0,390,,,0.0,intersection,,,0.0,,
14,0.0,,,False,,,,,,,40.75289242273276,-73.98731032078743,False,,,0.0,391,,,0.0,intersection,,,0.0,,
20,0.0,,,False,,,,,,,40.755034522362635,-73.98663912581308,False,,,0.0,392,,,0.0,intersection,,,0.0,,
14,0.0,,,False,,,,,,,40.75360671512394,-73.98708862669898,False,,,0.0,393,,,0.0,intersection,,,0.0,,
3,0.0,,,False,,,,,,,40.75141923174593,-73.98764453794713,False,,,0.0,394,,,0.0,intersection,,,0.0,,
6,0.0,,,False,,,,,,,40.752158934720185,-73.98749101867483,False,,,0.0,395,,,0.0,intersection,,,0.0,,
0,0.0,,,False,,,,,,,40.7452863735445,-73.98872905462927,False,,,0.0,396,,,0.0,intersection,,,0.0,,
37,0.0,,,False,,,,,,,40.759103204723274,-73.99214042462803,False,,,0.0,397,,,0.0,intersection,,,0.0,,
58,0.0,,,False,,,,,,,40.761606315494056,-73.990315176745,False,,,0.0,398,,,0.0,intersection,,,0.0,,
37,0.0,,,False,,,,,,,40.760354147206364,-73.99123062468088,False,,,0.0,399,,,0.0,intersection,,,0.0,,
58,0.0,,,False,,,,,,,40.76610135517054,-73.99712927281514,False,,,0.0,400,,,0.0,intersection,,,0.0,,
61,0.0,,,False,,,,,,,40.76927065697447,-73.96936484649015,False,,,0.0,401,,,0.0,intersection,,,0.0,,
21,0.0,,,False,,,,,,,40.75519332395387,-73.97121704489989,False,,,0.0,402,,,0.0,intersection,,,0.0,,
21,0.0,,,False,,,,,,,40.7542505358265,-73.96897803788579,False,,,0.0,403,,,0.0,intersection,,,0.0,,
48,0.0,,,True,,,,,,,40.76030016137839,-73.99498358118493,True,,,0.0,404,,,0.0,intersection,,,0.0,,
58,0.0,,,False,,,,,,,40.762806360330735,-73.99315623971017,False,,,0.0,405,,,0.0,intersection,,,0.0,,
48,0.0,,,False,,,,,,,40.76155517084623,-73.99406769859542,False,,,0.0,406,,,0.0,intersection,,,0.0,,
58,0.0,,,True,,,,,,,40.76218343546572,-73.9936093066775,True,,,0.0,407,,,0.0,intersection,,,0.0,,
5,0.0,,,False,,,,,,,40.7474170888179,-73.96856877782635,False,,,0.0,408,,,0.0,intersection,,,0.0,,
5,0.0,,,False,,,,,,,40.74840870997383,-73.97093771366242,False,,,0.0,409,,,0.0,intersection,,,0.0,,
5,0.0,,,False,,,,,,,40.748398830068155,-73.97091451836219,False,,,0.0,410,,,0.0,intersection,,,0.0,,
5,0.0,,,False,,,,,,,40.75009962803088,-73.97493471200715,False,,,0.0,411,,,0.0,intersection,,,0.0,,
5,0.0,,,False,,,,,,,40.7481481339317,-73.97032596295172,False,,,0.0,412,,,0.0,intersection,,,0.0,,
5,0.0,,,False,,,,,,,40.74915617137526,-73.97269252027046,False,,,0.0,413,,,0.0,intersection,,,0.0,,
5,0.0,,,False,,,,,,,40.74804434210757,-73.97007648252234,False,,,0.0,414,,,0.0,intersection,,,0.0,,
5,0.0,,,False,,,,,,,40.748176972118,-73.97228309638814,False,,,0.0,415,,,0.0,intersection,,,0.0,,
0,0.0,,,True,,,,,,,40.7451806758336,-73.98272748625953,True,,,0.0,416,,,0.0,intersection,,,0.0,,
5,0.0,,,False,,,,,,,40.749374328319554,-73.97116058881869,False,,,0.0,417,,,0.0,intersection,,,0.0,,
5,0.0,,,False,,,,,,,40.752118937075075,-73.97767660520798,False,,,0.0,418,,,0.0,intersection,,,0.0,,
5,0.0,,,False,,,,,,,40.75076644511397,-73.974449411816,False,,,0.0,419,,,0.0,intersection,,,0.0,,
5,0.0,,,False,,,,,,,40.74982300527634,-73.97220372205464,False,,,0.0,420,,,0.0,intersection,,,0.0,,
32,0.0,,,False,,,,,,,40.757271990603165,-73.995769279768,False,,,0.0,421,,,0.0,intersection,,,0.0,,
5,0.0,,,False,,,,,,,40.751441020428,-73.97395914684239,False,,,0.0,422,,,0.0,intersection,,,0.0,,
21,0.0,,,False,,,,,,,40.756555496994785,-73.97443675233363,False,,,0.0,423,,,0.0,intersection,,,0.0,,
29,0.0,,,False,,,,,,,40.7568593477036,-73.9751592059475,False,,,0.0,424,,,0.0,intersection,,,0.0,,
58,0.0,,,False,,,,,,,40.765364180983234,-73.9875767391318,False,,,0.0,425,,,0.0,intersection,,,0.0,,
69,0.0,,,False,,,,,,,40.76791720875205,-73.98571611404002,False,,,0.0,426,,,0.0,intersection,,,0.0,,
69,0.0,,,False,,,,,,,40.765989152792734,-73.98712184080867,False,,,0.0,427,,,0.0,intersection,,,0.0,,
69,0.0,,,False,,,,,,,40.767242953036245,-73.98620388084366,False,,,0.0,428,,,0.0,intersection,,,0.0,,
58,0.0,,,False,,,,,,,40.76411062208573,-73.98849055654995,False,,,0.0,429,,,0.0,intersection,,,0.0,,
58,0.0,,,False,,,,,,,40.76673968287106,-73.99666737570767,False,,,0.0,430,,,0.0,intersection,,,0.0,,
37,0.0,,,False,,,,,,,40.75760335642579,-73.9927192497042,False,,,0.0,431,,,0.0,intersection,,,0.0,,
37,0.0,,,False,,,,,,,40.75778454801496,-73.99310103821388,False,,,0.0,432,,,0.0,intersection,,,0.0,,
58,0.0,,,True,,,,,,,40.76775770669146,-73.99326422383534,True,,,0.0,433,,,0.0,intersection,,,0.0,,
60,0.0,,,False,,,,,,,40.76296844732666,-73.98189428266197,False,,,0.0,434,,,0.0,intersection,,,0.0,,
1,0.0,,,False,,,,,,,40.74639165651305,-73.97763647902343,False,,,0.0,435,,,0.0,intersection,,,0.0,,
1,0.0,,,False,,,,,,,40.74445004146868,-73.97302670388541,False,,,0.0,436,,,0.0,intersection,,,0.0,,
1,0.0,,,False,,,,,,,40.74517270589648,-73.97474929409911,False,,,0.0,437,,,0.0,intersection,,,0.0,,
1,0.0,,,False,,,,,,,40.74544275857621,-73.97539303553368,False,,,0.0,438,,,0.0,intersection,,,0.0,,
5,0.0,,,False,,,,,,,40.747797208226395,-73.97138221822406,False,,,0.0,439,,,0.0,intersection,,,0.0,,
5,0.0,,,False,,,,,,,40.74754347182478,-73.97078031731918,False,,,0.0,440,,,0.0,intersection,,,0.0,,
5,0.0,,,False,,,,,,,40.747565789299905,-73.9708332577266,False,,,0.0,441,,,0.0,intersection,,,0.0,,
5,0.0,,,False,,,,,,,40.74965893162376,-73.96973618175726,False,,,0.0,442,,,0.0,intersection,,,0.0,,
5,0.0,,,False,,,,,,,40.749744260648434,-73.96993820025175,False,,,0.0,443,,,0.0,intersection,,,0.0,,
5,0.0,,,False,,,,,,,40.750493806860796,-73.9717128401686,False,,,0.0,444,,,0.0,intersection,,,0.0,,
70,0.0,,,False,,,,,,,40.76889229911846,-73.98209271238005,False,,,0.0,445,,,0.0,intersection,,,0.0,,
5,0.0,,,False,,,,,,,40.74792874558361,-73.96813958913903,False,,,0.0,446,,,0.0,intersection,,,0.0,,
53,0.0,,,False,,,,,,,40.762288017383845,-73.97025642271308,False,,,0.0,447,,,0.0,intersection,,,0.0,,
61,0.0,,,False,,,,,,,40.76802503240733,-73.97028165543682,False,,,0.0,448,,,0.0,intersection,,,0.0,,
64,0.0,,,False,,,,,,,40.76691350126496,-73.97905080845896,False,,,0.0,449,,,0.0,intersection,,,0.0,,
47,0.0,,,False,,,,,,,40.75711050691639,-73.99730671471512,False,,,0.0,450,,,0.0,intersection,,,0.0,,
25,0.0,,,False,,,,,,,40.755908862499254,-73.99446824768512,False,,,0.0,451,,,0.0,intersection,,,0.0,,
47,0.0,,,False,,,,,,,40.75760089280956,-73.99846768942571,False,,,0.0,452,,,0.0,intersection,,,0.0,,
47,0.0,,,False,,,,,,,40.75777366480506,-73.99887673366126,False,,,0.0,453,,,0.0,intersection,,,0.0,,
47,0.0,,,False,,,,,,,40.75830648995439,-74.00013824968347,False,,,0.0,454,,,0.0,intersection,,,0.0,,
25,0.0,,,False,,,,,,,40.75645398570793,-73.995755877804,False,,,0.0,455,,,0.0,intersection,,,0.0,,
58,0.0,,,True,,,,,,,40.76925680264562,-73.9948491350621,True,,,0.0,456,,,0.0,intersection,,,0.0,,
71,0.0,,,True,,,,,,,40.77106089729086,-73.99431711099972,True,,,0.0,457,,,0.0,intersection,,,0.0,,
49,0.0,,,False,,,,,,,40.76031266051788,-73.97169609189231,False,,,0.0,458,,,0.0,intersection,,,0.0,,
39,0.0,,,False,,,,,,,40.7589501271284,-73.96847979642754,False,,,0.0,459,,,0.0,intersection,,,0.0,,
32,0.0,,,True,,,,,,,40.75833915842816,-73.99640941566543,True,,,0.0,460,,,0.0,intersection,,,0.0,,
12,0.0,,,False,,,,,,,40.755868656768605,-73.9982087060135,False,,,0.0,461,,,0.0,intersection,,,0.0,,
17,0.0,,,True,,,,,,,40.75648752916415,-73.99775836595857,True,,,0.0,462,,,0.0,intersection,,,0.0,,
36,0.0,,,True,,,,,,,40.75896816299256,-73.99595169203054,True,,,0.0,463,,,0.0,intersection,,,0.0,,
71,0.0,,,True,,,,,,,40.77286572282344,-73.98954018360722,True,,,0.0,464,,,0.0,intersection,,,0.0,,
71,0.0,,,True,,,,,,,40.770313391587585,-73.99140050413916,True,,,0.0,465,,,0.0,intersection,,,0.0,,
58,0.0,,,True,,,,,,,40.76838243937178,-73.99280590402407,True,,,0.0,466,,,0.0,intersection,,,0.0,,
69,0.0,,,True,,,,,,,40.76963925641913,-73.9918923409789,True,,,0.0,467,,,0.0,intersection,,,0.0,,
58,0.0,,,False,,,,,,,40.76650459727361,-73.99417335258346,False,,,0.0,468,,,0.0,intersection,,,0.0,,
58,0.0,,,True,,,,,,,40.764863136352396,-73.99804140884012,True,,,0.0,469,,,0.0,intersection,,,0.0,,
58,0.0,,,True,,,,,,,40.763619912316535,-73.99895667323516,True,,,0.0,470,,,0.0,intersection,,,0.0,,
58,0.0,,,False,,,,,,,40.76735221878925,-73.99622237279438,False,,,0.0,471,,,0.0,intersection,,,0.0,,
58,0.0,,,True,,,,,,,40.764241705239066,-73.99848881837283,True,,,0.0,472,,,0.0,intersection,,,0.0,,
21,0.0,,,False,,,,,,,40.755824850976715,-73.97075919386064,False,,,0.0,473,,,0.0,intersection,,,0.0,,
21,0.0,,,False,,,,,,,40.757179639634046,-73.97398155197502,False,,,0.0,474,,,0.0,intersection,,,0.0,,
21,0.0,,,False,,,,,,,40.75487619002685,-73.96852047091878,False,,,0.0,475,,,0.0,intersection,,,0.0,,
49,0.0,,,False,,,,,,,40.75843149284081,-73.9730685200446,False,,,0.0,476,,,0.0,intersection,,,0.0,,
71,0.0,,,True,,,,,,,40.771505418913996,-73.99420752576383,True,,,0.0,477,,,0.0,intersection,,,0.0,,
5,0.0,,,False,,,,,,,40.749491126209186,-73.96933890027425,False,,,0.0,478,,,0.0,intersection,,,0.0,,
25,0.0,,,False,,,,,,,40.75652767532425,-73.9940194476245,False,,,0.0,479,,,0.0,intersection,,,0.0,,
32,0.0,,,False,,,,,,,40.757073588567756,-73.99530284051063,False,,,0.0,480,,,0.0,intersection,,,0.0,,
5,0.0,,,False,,,,,,,40.74906219235931,-73.9704331526227,False,,,0.0,481,,,0.0,intersection,,,0.0,,
61,0.0,,,False,,,,,,,40.7705163262799,-73.96844155970741,False,,,0.0,482,,,0.0,intersection,,,0.0,,
5,0.0,,,False,,,,,,,40.74905742322176,-73.97042240795504,False,,,0.0,483,,,0.0,intersection,,,0.0,,
9,0.0,,,False,,,,,,,40.75272344782028,-73.9967894881551,False,,,0.0,484,,,0.0,intersection,,,0.0,,
9,0.0,,,False,,,,,,,40.75338853854509,-73.99630301291897,False,,,0.0,485,,,0.0,intersection,,,0.0,,
64,0.0,,,False,,,,,,,40.76552103342054,-73.98003575710818,False,,,0.0,486,,,0.0,intersection,,,0.0,,
4,0.0,,,False,,,,,,,40.750319070148535,-73.99111010071259,False,,,0.0,487,,,0.0,intersection,,,0.0,,
4,0.0,,,False,,,,,,,40.75099175348231,-73.9906221998381,False,,,0.0,488,,,0.0,intersection,,,0.0,,
71,0.0,,,True,,,,,,,40.77219909027392,-73.99378189841725,True,,,0.0,489,,,0.0,intersection,,,0.0,,
5,0.0,,,True,,,,,,,40.74568501125537,-73.97027065048911,True,,,0.0,490,,,0.0,intersection,,,0.0,,
53,0.0,,,False,,,,,,,40.76160907283428,-73.97075152288285,False,,,0.0,491,,,0.0,intersection,,,0.0,,
60,0.0,,,False,,,,,,,40.76359435952034,-73.98143352012805,False,,,0.0,492,,,0.0,intersection,,,0.0,,
1,0.0,,,False,,,,,,,40.74824542122952,-73.97628766920627,False,,,0.0,493,,,0.0,intersection,,,0.0,,
5,0.0,,,True,,,,,,,40.74630369366367,-73.97165740650838,True,,,0.0,494,,,0.0,intersection,,,0.0,,
1,0.0,,,True,,,,,,,40.74729522753047,-73.97404406577601,True,,,0.0,495,,,0.0,intersection,,,0.0,,
5,0.0,,,True,,,,,,,40.74634510391763,-73.9717570811189,True,,,0.0,496,,,0.0,intersection,,,0.0,,
39,0.0,,,False,,,,,,,40.7576995272858,-73.96939411367842,False,,,0.0,497,,,0.0,intersection,,,0.0,,
1,0.0,,,False,,,,,,,40.7457271735988,-73.97812378199038,False,,,0.0,498,,,0.0,intersection,,,0.0,,
1,0.0,,,True,,,,,,,40.74505783049518,-73.9786071328355,True,,,0.0,499,,,0.0,intersection,,,0.0,,
21,0.0,,,False,,,,,,,40.75331788764802,-73.97258874996044,False,,,0.0,500,,,0.0,intersection,,,0.0,,
39,0.0,,,False,,,,,,,40.75707595733363,-73.96984859886265,False,,,0.0,501,,,0.0,intersection,,,0.0,,
21,0.0,,,False,,,,,,,40.756453018684674,-73.97031393573373,False,,,0.0,502,,,0.0,intersection,,,0.0,,
5,0.0,,,True,,,,,,,40.74798615884262,-73.9704471509924,True,,,0.0,503,,,0.0,intersection,,,0.0,,
37,0.0,,,False,,,,,,,40.75787047049427,-73.99303947937629,False,,,0.0,504,,,0.0,intersection,,,0.0,,
17,0.0,,,False,,,,,,,40.75468760035456,-73.9953541810822,False,,,0.0,505,,,0.0,intersection,,,0.0,,
17,0.0,,,False,,,,,,,40.755292379471584,-73.9949214207654,False,,,0.0,506,,,0.0,intersection,,,0.0,,
49,0.0,,,False,,,,,,,40.75905867401584,-73.97261121795904,False,,,0.0,507,,,0.0,intersection,,,0.0,,
49,0.0,,,False,,,,,,,40.7578080354912,-73.97352323986027,False,,,0.0,508,,,0.0,intersection,,,0.0,,
15,0.0,,,False,,,,,,,40.75477474684581,-73.97573543561789,False,,,0.0,509,,,0.0,intersection,,,0.0,,
64,0.0,,,False,,,,,,,40.76619741472958,-73.97954417344165,False,,,0.0,510,,,0.0,intersection,,,0.0,,
61,0.0,,,False,,,,,,,40.763924038764394,-73.97410714831214,False,,,0.0,511,,,0.0,intersection,,,0.0,,
61,0.0,,,False,,,,,,,40.768646008944344,-73.96982455304051,False,,,0.0,512,,,0.0,intersection,,,0.0,,
64,0.0,,,False,,,,,,,40.76484349739524,-73.98052788778043,False,,,0.0,513,,,0.0,intersection,,,0.0,,
56,0.0,,,False,,,,,,,40.76171851603347,-73.98280727789141,False,,,0.0,514,,,0.0,intersection,,,0.0,,
1,0.0,,,False,,,,,,,40.74450468261505,-73.9752242003987,False,,,0.0,515,,,0.0,intersection,,,0.0,,
1,0.0,,,False,,,,,,,40.74478150477722,-73.97588657238589,False,,,0.0,516,,,0.0,intersection,,,0.0,,
32,0.0,,,False,,,,,,,40.758209050607796,-73.99609945805913,False,,,0.0,517,,,0.0,intersection,,,0.0,,
47,0.0,,,True,,,,,,,40.75952651847722,-73.99924343829946,True,,,0.0,518,,,0.0,intersection,,,0.0,,
32,0.0,,,True,,,,,,,40.75882130623729,-73.99756018530762,True,,,0.0,519,,,0.0,intersection,,,0.0,,
9,0.0,,,True,,,,,,,40.74400957289218,-73.9994220892415,True,,,0.0,520,,,0.0,intersection,,,0.0,,
1,0.0,,,True,,,,,,,40.74472619849296,-73.97506672267849,True,,,0.0,521,,,0.0,intersection,,,0.0,,
1,0.0,,,True,,,,,,,40.744121731708866,-73.97637899187491,True,,,0.0,522,,,0.0,intersection,,,0.0,,
48,0.0,,,True,,,,,,,40.76253746552292,-74.00029557272171,True,,,0.0,523,,,0.0,intersection,,,0.0,,
12,0.0,,,True,,,,,,,40.75391808460947,-73.99963229017342,True,,,0.0,524,,,0.0,intersection,,,0.0,,
12,0.0,,,False,,,,,,,40.75458493328324,-73.9991429202918,False,,,0.0,525,,,0.0,intersection,,,0.0,,
15,0.0,,,False,,,,,,,40.754977874690816,-73.97652171340853,False,,,0.0,526,,,0.0,intersection,,,0.0,,
21,0.0,,,False,,,,,,,40.752378788838804,-73.97034144735751,False,,,0.0,527,,,0.0,intersection,,,0.0,,
15,0.0,,,False,,,,,,,40.75463294001758,-73.97570248397385,False,,,0.0,528,,,0.0,intersection,,,0.0,,
15,0.0,,,False,,,,,,,40.75471726121616,-73.97590241651596,False,,,0.0,529,,,0.0,intersection,,,0.0,,
36,0.0,,,False,,,,,,,40.758414015406345,-73.99432272095765,False,,,0.0,530,,,0.0,intersection,,,0.0,,
21,0.0,,,False,,,,,,,40.7529741464706,-73.96990404688252,False,,,0.0,531,,,0.0,intersection,,,0.0,,
12,0.0,,,False,,,,,,,40.755187283059115,-74.00057392234001,False,,,0.0,532,,,0.0,intersection,,,0.0,,
12,0.0,,,False,,,,,,,40.75582536449888,-74.00001711896006,False,,,0.0,533,,,0.0,intersection,,,0.0,,
47,0.0,,,True,,,,,,,40.75701003574986,-73.99898331653374,True,,,0.0,534,,,0.0,intersection,,,0.0,,
12,0.0,,,True,,,,,,,40.756413734599455,-73.99950368443707,True,,,0.0,535,,,0.0,intersection,,,0.0,,
12,0.0,,,True,,,,,,,40.75662093919502,-73.9999959677653,True,,,0.0,536,,,0.0,intersection,,,0.0,,
47,0.0,,,True,,,,,,,40.75720152673198,-73.99943225511343,True,,,0.0,537,,,0.0,intersection,,,0.0,,
12,0.0,,,False,,,,,,,40.756050584040324,-74.00054973276576,False,,,0.0,538,,,0.0,intersection,,,0.0,,
47,0.0,,,True,,,,,,,40.75769287549494,-74.00058422196177,True,,,0.0,539,,,0.0,intersection,,,0.0,,
34,0.0,,,True,,,,,,,40.75843934882903,-73.97890966131041,True,,,0.0,540,,,0.0,intersection,,,0.0,,
40,0.0,,,False,,,,,,,40.75906515689897,-73.97844969910162,False,,,0.0,541,,,0.0,intersection,,,0.0,,
17,0.0,,,False,,,,,,,40.75522546054553,-73.99665411441852,False,,,0.0,542,,,0.0,intersection,,,0.0,,
40,0.0,,,False,,,,,,,40.759689070052055,-73.97798887974855,False,,,0.0,543,,,0.0,intersection,,,0.0,,
17,0.0,,,False,,,,,,,40.75583469077696,-73.99620868046773,False,,,0.0,544,,,0.0,intersection,,,0.0,,
12,0.0,,,False,,,,,,,40.753928974362225,-73.99760199889542,False,,,0.0,545,,,0.0,intersection,,,0.0,,
21,0.0,,,False,,,,,,,40.7555042033518,-73.96806568894296,False,,,0.0,546,,,0.0,intersection,,,0.0,,
1,0.0,,,True,,,,,,,40.74647159872045,-73.97465284598614,True,,,0.0,547,,,0.0,intersection,,,0.0,,
47,0.0,,,True,,,,,,,40.76015378819064,-73.99879302376094,True,,,0.0,548,,,0.0,intersection,,,0.0,,
36,0.0,,,False,,,,,,,40.758311356122036,-73.99439778645431,False,,,0.0,549,,,0.0,intersection,,,0.0,,
1,0.0,,,True,,,,,,,40.7468832854309,-73.97565207671475,True,,,0.0,550,,,0.0,intersection,,,0.0,,
5,0.0,,,False,,,,,,,40.75231880156933,-73.97752816827452,False,,,0.0,551,,,0.0,intersection,,,0.0,,
71,0.0,,,True,,,,,,,40.77269023994685,-73.99106555093677,True,,,0.0,552,,,0.0,intersection,,,0.0,,
5,0.0,,,True,,,,,,,40.7527,-73.9772,True,,,0.0,553,,,0.0,intersection,,,0.0,,
51,0.0,,,False,,,,,,,40.761122,-73.98139,False,,,0.0,554,,,0.0,intersection,,,0.0,,
51,0.0,,,False,,,,,,,40.761746,-73.980932,False,,,0.0,555,,,0.0,intersection,,,0.0,,
60,0.0,,,False,,,,,,,40.76237,-73.980476,False,,,0.0,556,,,0.0,intersection,,,0.0,,
60,0.0,,,False,,,,,,,40.762995,-73.980018,False,,,0.0,557,,,0.0,intersection,,,0.0,,
60,0.0,,,False,,,,,,,40.763623,-73.97956,False,,,0.0,558,,,0.0,intersection,,,0.0,,
62,0.0,,,False,,,,,,,40.764244,-73.979107,False,,,0.0,559,,,0.0,intersection,,,0.0,,
62,0.0,,,False,,,,,,,40.764922,-73.978616,False,,,0.0,560,,,0.0,intersection,,,0.0,,
51,0.0,,,False,,,,,,,40.761122,-73.98139,False,,,0.0,561,,,0.0,intersection,,,0.0,,
51,0.0,,,False,,,,,,,40.761746,-73.980932,False,,,0.0,562,,,0.0,intersection,,,0.0,,
60,0.0,,,False,,,,,,,40.76237,-73.980476,False,,,0.0,563,,,0.0,intersection,,,0.0,,
60,0.0,,,False,,,,,,,40.762995,-73.980018,False,,,0.0,564,,,0.0,intersection,,,0.0,,
60,0.0,,,False,,,,,,,40.763623,-73.97956,False,,,0.0,565,,,0.0,intersection,,,0.0,,
62,0.0,,,False,,,,,,,40.764244,-73.979107,False,,,0.0,566,,,0.0,intersection,,,0.0,,
62,0.0,,,False,,,,,,,40.764922,-73.978616,False,,,0.0,567,,,0.0,intersection,,,0.0,,
,,,,,,0.0008175926931173194,0.0008175926931173194,0.0,85,31,,,,,,,,,,,edge,0.0,,,,
,,,,,,0.0008512984789064149,0.0008512984789064149,0.0,31,21,,,,,,,,,,,edge,0.0,,,,
,,,,,,0.0007671662739952012,0.0007671662739952012,0.0,21,25,,,,,,,,,,,edge,0.0,,,,
,,,,,,0.0007782496013319928,0.0007782496013319928,0.0,25,26,,,,,,,,,,,edge,0.0,,,,
,,,,,,0.0007765964027584005,0.0007765964027584005,0.0,26,44,,,,,,,,,,,edge,0.0,,,,
,,,,,,0.0007748579976691872,0.0007748579976691872,0.0,44,33,,,,,,,,,,,edge,0.0,,,,
,,,,,,0.0007754880599790681,0.0007754880599790681,0.0,33,22,,,,,,,,,,,edge,0.0,,,,
,,,,,,0.0007770279401668745,0.0007770279401668745,0.0,22,35,,,,,,,,,,,edge,0.0,,,,
,,,,,,0.0007779020436728956,0.0007779020436728956,0.0,35,38,,,,,,,,,,,edge,0.0,,,,
,,,,,,0.0017468185870441744,0.0017468185870441744,0.0,38,322,,,,,,,,,,,edge,0.0,,,,
,,,,,,0.0007760576915600836,0.0007760576915600836,0.0,322,323,,,,,,,,,,,edge,0.0,,,,
,,,,,,0.0007729947097487866,0.0007729947097487866,0.0,323,50,,,,,,,,,,,edge,0.0,,,,
